ply
format ascii 1.0
element vertex 4225
property float x
property float y
property float z
property uchar red
property uchar green
property uchar blue
end_header
-1 -1 0.0009803921568627416 1 255 254
-1 -0.96875 0.03627450980392155 37 255 218
-1 -0.9375 0.06960784313725488 71 255 184
-1 -0.90625 0.09705882352941175 99 255 156
-1 -0.875 0.11470588235294116 117 255 138
-1 -0.84375 0.12450980392156863 127 255 128
-1 -0.8125 0.12254901960784315 125 255 130
-1 -0.78125 0.11078431372549019 113 255 142
-1 -0.75 0.08921568627450982 91 255 164
-1 -0.71875 0.05980392156862746 61 255 194
-1 -0.6875 0.02450980392156865 25 255 230
-1 -0.65625 -0.012745098039215697 0 242 255
-1 -0.625 -0.048039215686274506 0 206 255
-1 -0.59375 -0.07941176470588235 0 174 255
-1 -0.5625 -0.10490196078431371 0 148 255
-1 -0.53125 -0.12058823529411763 0 132 255
-1 -0.5 -0.12450980392156863 0 128 255
-1 -0.46875 -0.12058823529411763 0 132 255
-1 -0.4375 -0.10490196078431371 0 148 255
-1 -0.40625 -0.07941176470588235 0 174 255
-1 -0.375 -0.048039215686274506 0 206 255
-1 -0.34375 -0.012745098039215697 0 242 255
-1 -0.3125 0.02450980392156865 25 255 230
-1 -0.28125 0.05980392156862746 61 255 194
-1 -0.25 0.08921568627450982 91 255 164
-1 -0.21875 0.11078431372549019 113 255 142
-1 -0.1875 0.12254901960784315 125 255 130
-1 -0.15625 0.12450980392156863 127 255 128
-1 -0.125 0.11470588235294116 117 255 138
-1 -0.09375 0.09705882352941175 99 255 156
-1 -0.0625 0.06960784313725488 71 255 184
-1 -0.03125 0.03627450980392155 37 255 218
-1 0 0.0009803921568627416 1 255 254
-1 0.03125 -0.03627450980392158 0 218 255
-1 0.0625 -0.0696078431372549 0 184 255
-1 0.09375 -0.09705882352941175 0 156 255
-1 0.125 -0.11470588235294119 0 138 255
-1 0.15625 -0.12450980392156863 0 128 255
-1 0.1875 -0.12254901960784315 0 130 255
-1 0.21875 -0.11078431372549019 0 142 255
-1 0.25 -0.08921568627450979 0 164 255
-1 0.28125 -0.05980392156862746 0 194 255
-1 0.3125 -0.024509803921568624 0 230 255
-1 0.34375 0.012745098039215697 13 255 242
-1 0.375 0.048039215686274506 49 255 206
-1 0.40625 0.07941176470588235 81 255 174
-1 0.4375 0.10490196078431374 107 255 148
-1 0.46875 0.12058823529411766 123 255 132
-1 0.5 0.12450980392156863 127 255 128
-1 0.53125 0.12058823529411766 123 255 132
-1 0.5625 0.10490196078431374 107 255 148
-1 0.59375 0.07941176470588235 81 255 174
-1 0.625 0.048039215686274506 49 255 206
-1 0.65625 0.012745098039215697 13 255 242
-1 0.6875 -0.024509803921568624 0 230 255
-1 0.71875 -0.05980392156862746 0 194 255
-1 0.75 -0.08921568627450979 0 164 255
-1 0.78125 -0.11078431372549019 0 142 255
-1 0.8125 -0.12254901960784315 0 130 255
-1 0.84375 -0.12450980392156863 0 128 255
-1 0.875 -0.11470588235294119 0 138 255
-1 0.90625 -0.09705882352941175 0 156 255
-1 0.9375 -0.0696078431372549 0 184 255
-1 0.96875 -0.03627450980392158 0 218 255
-1 1 -0.0009803921568627416 0 254 255
-0.96875 -1 0.02450980392156865 25 255 230
-0.96875 -0.96875 0.05784313725490198 59 255 196
-0.96875 -0.9375 0.08921568627450982 91 255 164
-0.96875 -0.90625 0.11274509803921567 115 255 140
-0.96875 -0.875 0.1284313725490196 131 255 124
-0.96875 -0.84375 0.13235294117647056 135 255 120
-0.96875 -0.8125 0.1264705882352941 129 255 126
-0.96875 -0.78125 0.11078431372549019 113 255 142
-0.96875 -0.75 0.0852941176470588 87 255 168
-0.96875 -0.71875 0.05196078431372547 53 255 202
-0.96875 -0.6875 0.01470588235294118 15 255 240
-0.96875 -0.65625 -0.024509803921568624 0 230 255
-0.96875 -0.625 -0.06372549019607843 0 190 255
-0.96875 -0.59375 -0.09705882352941175 0 156 255
-0.96875 -0.5625 -0.12254901960784315 0 130 255
-0.96875 -0.53125 -0.13823529411764707 0 114 255
-0.96875 -0.5 -0.14411764705882352 0 108 255
-0.96875 -0.46875 -0.13823529411764707 0 114 255
-0.96875 -0.4375 -0.12254901960784315 0 130 255
-0.96875 -0.40625 -0.09705882352941175 0 156 255
-0.96875 -0.375 -0.06372549019607843 0 190 255
-0.96875 -0.34375 -0.024509803921568624 0 230 255
-0.96875 -0.3125 0.01470588235294118 15 255 240
-0.96875 -0.28125 0.05196078431372547 53 255 202
-0.96875 -0.25 0.0852941176470588 87 255 168
-0.96875 -0.21875 0.11078431372549019 113 255 142
-0.96875 -0.1875 0.1264705882352941 129 255 126
-0.96875 -0.15625 0.13235294117647056 135 255 120
-0.96875 -0.125 0.1284313725490196 131 255 124
-0.96875 -0.09375 0.11274509803921567 115 255 140
-0.96875 -0.0625 0.08921568627450982 91 255 164
-0.96875 -0.03125 0.05784313725490198 59 255 196
-0.96875 0 0.02450980392156865 25 255 230
-0.96875 0.03125 -0.010784313725490186 0 244 255
-0.96875 0.0625 -0.04411764705882354 0 210 255
-0.96875 0.09375 -0.07156862745098039 0 182 255
-0.96875 0.125 -0.09313725490196079 0 160 255
-0.96875 0.15625 -0.10490196078431371 0 148 255
-0.96875 0.1875 -0.10882352941176471 0 144 255
-0.96875 0.21875 -0.10098039215686275 0 152 255
-0.96875 0.25 -0.08529411764705883 0 168 255
-0.96875 0.28125 -0.061764705882352944 0 192 255
-0.96875 0.3125 -0.032352941176470584 0 222 255
-0.96875 0.34375 -0.0009803921568627416 0 254 255
-0.96875 0.375 0.028431372549019618 29 255 226
-0.96875 0.40625 0.055882352941176494 57 255 198
-0.96875 0.4375 0.07745098039215687 79 255 176
-0.96875 0.46875 0.0911764705882353 93 255 162
-0.96875 0.5 0.09509803921568627 97 255 158
-0.96875 0.53125 0.0911764705882353 93 255 162
-0.96875 0.5625 0.07745098039215687 79 255 176
-0.96875 0.59375 0.055882352941176494 57 255 198
-0.96875 0.625 0.028431372549019618 29 255 226
-0.96875 0.65625 -0.0009803921568627416 0 254 255
-0.96875 0.6875 -0.032352941176470584 0 222 255
-0.96875 0.71875 -0.061764705882352944 0 192 255
-0.96875 0.75 -0.08529411764705883 0 168 255
-0.96875 0.78125 -0.10098039215686275 0 152 255
-0.96875 0.8125 -0.10882352941176471 0 144 255
-0.96875 0.84375 -0.10490196078431371 0 148 255
-0.96875 0.875 -0.09313725490196079 0 160 255
-0.96875 0.90625 -0.07156862745098039 0 182 255
-0.96875 0.9375 -0.04411764705882354 0 210 255
-0.96875 0.96875 -0.010784313725490186 0 244 255
-0.96875 1 0.02450980392156865 25 255 230
-0.9375 -1 0.048039215686274506 49 255 206
-0.9375 -0.96875 0.07745098039215687 79 255 176
-0.9375 -0.9375 0.10098039215686272 103 255 152
-0.9375 -0.90625 0.12058823529411766 123 255 132
-0.9375 -0.875 0.13039215686274508 133 255 122
-0.9375 -0.84375 0.13039215686274508 133 255 122
-0.9375 -0.8125 0.12058823529411766 123 255 132
-0.9375 -0.78125 0.10098039215686272 103 255 152
-0.9375 -0.75 0.0735294117647059 75 255 180
-0.9375 -0.71875 0.04019607843137257 41 255 214
-0.9375 -0.6875 0.002941176470588225 3 255 252
-0.9375 -0.65625 -0.03627450980392158 0 218 255
-0.9375 -0.625 -0.07352941176470587 0 180 255
-0.9375 -0.59375 -0.10490196078431371 0 148 255
-0.9375 -0.5625 -0.13039215686274508 0 122 255
-0.9375 -0.53125 -0.146078431372549 0 106 255
-0.9375 -0.5 -0.1519607843137255 0 100 255
-0.9375 -0.46875 -0.146078431372549 0 106 255
-0.9375 -0.4375 -0.13039215686274508 0 122 255
-0.9375 -0.40625 -0.10490196078431371 0 148 255
-0.9375 -0.375 -0.07352941176470587 0 180 255
-0.9375 -0.34375 -0.03627450980392158 0 218 255
-0.9375 -0.3125 0.002941176470588225 3 255 252
-0.9375 -0.28125 0.04019607843137257 41 255 214
-0.9375 -0.25 0.0735294117647059 75 255 180
-0.9375 -0.21875 0.10098039215686272 103 255 152
-0.9375 -0.1875 0.12058823529411766 123 255 132
-0.9375 -0.15625 0.13039215686274508 133 255 122
-0.9375 -0.125 0.13039215686274508 133 255 122
-0.9375 -0.09375 0.12058823529411766 123 255 132
-0.9375 -0.0625 0.10098039215686272 103 255 152
-0.9375 -0.03125 0.07745098039215687 79 255 176
-0.9375 0 0.048039215686274506 49 255 206
-0.9375 0.03125 0.016666666666666663 17 255 238
-0.9375 0.0625 -0.012745098039215697 0 242 255
-0.9375 0.09375 -0.040196078431372545 0 214 255
-0.9375 0.125 -0.061764705882352944 0 192 255
-0.9375 0.15625 -0.07745098039215687 0 176 255
-0.9375 0.1875 -0.08333333333333334 0 170 255
-0.9375 0.21875 -0.08137254901960783 0 172 255
-0.9375 0.25 -0.07352941176470587 0 180 255
-0.9375 0.28125 -0.05784313725490195 0 196 255
-0.9375 0.3125 -0.03823529411764706 0 216 255
-0.9375 0.34375 -0.016666666666666663 0 238 255
-0.9375 0.375 0.006862745098039191 7 255 248
-0.9375 0.40625 0.026470588235294135 27 255 228
-0.9375 0.4375 0.042156862745098056 43 255 212
-0.9375 0.46875 0.05196078431372547 53 255 202
-0.9375 0.5 0.055882352941176494 57 255 198
-0.9375 0.53125 0.05196078431372547 53 255 202
-0.9375 0.5625 0.042156862745098056 43 255 212
-0.9375 0.59375 0.026470588235294135 27 255 228
-0.9375 0.625 0.006862745098039191 7 255 248
-0.9375 0.65625 -0.016666666666666663 0 238 255
-0.9375 0.6875 -0.03823529411764706 0 216 255
-0.9375 0.71875 -0.05784313725490195 0 196 255
-0.9375 0.75 -0.07352941176470587 0 180 255
-0.9375 0.78125 -0.08137254901960783 0 172 255
-0.9375 0.8125 -0.08333333333333334 0 170 255
-0.9375 0.84375 -0.07745098039215687 0 176 255
-0.9375 0.875 -0.061764705882352944 0 192 255
-0.9375 0.90625 -0.040196078431372545 0 214 255
-0.9375 0.9375 -0.012745098039215697 0 242 255
-0.9375 0.96875 0.016666666666666663 17 255 238
-0.9375 1 0.048039215686274506 49 255 206
-0.90625 -1 0.06960784313725488 71 255 184
-0.90625 -0.96875 0.0911764705882353 93 255 162
-0.90625 -0.9375 0.10882352941176471 111 255 144
-0.90625 -0.90625 0.11862745098039218 121 255 134
-0.90625 -0.875 0.12254901960784315 125 255 130
-0.90625 -0.84375 0.11666666666666664 119 255 136
-0.90625 -0.8125 0.10490196078431374 107 255 148
-0.90625 -0.78125 0.08333333333333331 85 255 170
-0.90625 -0.75 0.055882352941176494 57 255 198
-0.90625 -0.71875 0.02450980392156865 25 255 230
-0.90625 -0.6875 -0.010784313725490186 0 244 255
-0.90625 -0.65625 -0.04607843137254902 0 208 255
-0.90625 -0.625 -0.07941176470588235 0 174 255
-0.90625 -0.59375 -0.10882352941176471 0 144 255
-0.90625 -0.5625 -0.13039215686274508 0 122 255
-0.90625 -0.53125 -0.14411764705882352 0 108 255
-0.90625 -0.5 -0.1480392156862745 0 104 255
-0.90625 -0.46875 -0.14411764705882352 0 108 255
-0.90625 -0.4375 -0.13039215686274508 0 122 255
-0.90625 -0.40625 -0.10882352941176471 0 144 255
-0.90625 -0.375 -0.07941176470588235 0 174 255
-0.90625 -0.34375 -0.04607843137254902 0 208 255
-0.90625 -0.3125 -0.010784313725490186 0 244 255
-0.90625 -0.28125 0.02450980392156865 25 255 230
-0.90625 -0.25 0.055882352941176494 57 255 198
-0.90625 -0.21875 0.08333333333333331 85 255 170
-0.90625 -0.1875 0.10490196078431374 107 255 148
-0.90625 -0.15625 0.11666666666666664 119 255 136
-0.90625 -0.125 0.12254901960784315 125 255 130
-0.90625 -0.09375 0.11862745098039218 121 255 134
-0.90625 -0.0625 0.10882352941176471 111 255 144
-0.90625 -0.03125 0.0911764705882353 93 255 162
-0.90625 0 0.06960784313725488 71 255 184
-0.90625 0.03125 0.04411764705882354 45 255 210
-0.90625 0.0625 0.02058823529411763 21 255 234
-0.90625 0.09375 -0.002941176470588225 0 252 255
-0.90625 0.125 -0.024509803921568624 0 230 255
-0.90625 0.15625 -0.040196078431372545 0 214 255
-0.90625 0.1875 -0.0519607843137255 0 202 255
-0.90625 0.21875 -0.055882352941176466 0 198 255
-0.90625 0.25 -0.055882352941176466 0 198 255
-0.90625 0.28125 -0.04999999999999999 0 204 255
-0.90625 0.3125 -0.04215686274509803 0 212 255
-0.90625 0.34375 -0.0303921568627451 0 224 255
-0.90625 0.375 -0.018627450980392146 0 236 255
-0.90625 0.40625 -0.006862745098039219 0 248 255
-0.90625 0.4375 0.0009803921568627416 1 255 254
-0.90625 0.46875 0.006862745098039191 7 255 248
-0.90625 0.5 0.010784313725490213 11 255 244
-0.90625 0.53125 0.006862745098039191 7 255 248
-0.90625 0.5625 0.0009803921568627416 1 255 254
-0.90625 0.59375 -0.006862745098039219 0 248 255
-0.90625 0.625 -0.018627450980392146 0 236 255
-0.90625 0.65625 -0.0303921568627451 0 224 255
-0.90625 0.6875 -0.04215686274509803 0 212 255
-0.90625 0.71875 -0.04999999999999999 0 204 255
-0.90625 0.75 -0.055882352941176466 0 198 255
-0.90625 0.78125 -0.055882352941176466 0 198 255
-0.90625 0.8125 -0.0519607843137255 0 202 255
-0.90625 0.84375 -0.040196078431372545 0 214 255
-0.90625 0.875 -0.024509803921568624 0 230 255
-0.90625 0.90625 -0.002941176470588225 0 252 255
-0.90625 0.9375 0.02058823529411763 21 255 234
-0.90625 0.96875 0.04411764705882354 45 255 210
-0.90625 1 0.06960784313725488 71 255 184
-0.875 -1 0.08921568627450982 91 255 164
-0.875 -0.96875 0.10098039215686272 103 255 152
-0.875 -0.9375 0.10882352941176471 111 255 144
-0.875 -0.90625 0.11078431372549019 113 255 142
-0.875 -0.875 0.10686274509803922 109 255 146
-0.875 -0.84375 0.09705882352941175 99 255 156
-0.875 -0.8125 0.08137254901960783 83 255 172
-0.875 -0.78125 0.05980392156862746 61 255 194
-0.875 -0.75 0.03431372549019607 35 255 220
-0.875 -0.71875 0.004901960784313708 5 255 250
-0.875 -0.6875 -0.024509803921568624 0 230 255
-0.875 -0.65625 -0.05392156862745098 0 200 255
-0.875 -0.625 -0.08137254901960783 0 172 255
-0.875 -0.59375 -0.10294117647058823 0 150 255
-0.875 -0.5625 -0.12058823529411763 0 132 255
-0.875 -0.53125 -0.1323529411764706 0 120 255
-0.875 -0.5 -0.13627450980392158 0 116 255
-0.875 -0.46875 -0.1323529411764706 0 120 255
-0.875 -0.4375 -0.12058823529411763 0 132 255
-0.875 -0.40625 -0.10294117647058823 0 150 255
-0.875 -0.375 -0.08137254901960783 0 172 255
-0.875 -0.34375 -0.05392156862745098 0 200 255
-0.875 -0.3125 -0.024509803921568624 0 230 255
-0.875 -0.28125 0.004901960784313708 5 255 250
-0.875 -0.25 0.03431372549019607 35 255 220
-0.875 -0.21875 0.05980392156862746 61 255 194
-0.875 -0.1875 0.08137254901960783 83 255 172
-0.875 -0.15625 0.09705882352941175 99 255 156
-0.875 -0.125 0.10686274509803922 109 255 146
-0.875 -0.09375 0.11078431372549019 113 255 142
-0.875 -0.0625 0.10882352941176471 111 255 144
-0.875 -0.03125 0.10098039215686272 103 255 152
-0.875 0 0.08921568627450982 91 255 164
-0.875 0.03125 0.0735294117647059 75 255 180
-0.875 0.0625 0.055882352941176494 57 255 198
-0.875 0.09375 0.03627450980392155 37 255 218
-0.875 0.125 0.018627450980392146 19 255 236
-0.875 0.15625 0.0009803921568627416 1 255 254
-0.875 0.1875 -0.012745098039215697 0 242 255
-0.875 0.21875 -0.024509803921568624 0 230 255
-0.875 0.25 -0.03431372549019607 0 220 255
-0.875 0.28125 -0.040196078431372545 0 214 255
-0.875 0.3125 -0.04411764705882354 0 210 255
-0.875 0.34375 -0.04411764705882354 0 210 255
-0.875 0.375 -0.04411764705882354 0 210 255
-0.875 0.40625 -0.04411764705882354 0 210 255
-0.875 0.4375 -0.04215686274509803 0 212 255
-0.875 0.46875 -0.040196078431372545 0 214 255
-0.875 0.5 -0.040196078431372545 0 214 255
-0.875 0.53125 -0.040196078431372545 0 214 255
-0.875 0.5625 -0.04215686274509803 0 212 255
-0.875 0.59375 -0.04411764705882354 0 210 255
-0.875 0.625 -0.04411764705882354 0 210 255
-0.875 0.65625 -0.04411764705882354 0 210 255
-0.875 0.6875 -0.04411764705882354 0 210 255
-0.875 0.71875 -0.040196078431372545 0 214 255
-0.875 0.75 -0.03431372549019607 0 220 255
-0.875 0.78125 -0.024509803921568624 0 230 255
-0.875 0.8125 -0.012745098039215697 0 242 255
-0.875 0.84375 0.0009803921568627416 1 255 254
-0.875 0.875 0.018627450980392146 19 255 236
-0.875 0.90625 0.03627450980392155 37 255 218
-0.875 0.9375 0.055882352941176494 57 255 198
-0.875 0.96875 0.0735294117647059 75 255 180
-0.875 1 0.08921568627450982 91 255 164
-0.84375 -1 0.10490196078431374 107 255 148
-0.84375 -0.96875 0.10490196078431374 107 255 148
-0.84375 -0.9375 0.10294117647058826 105 255 150
-0.84375 -0.90625 0.09509803921568627 97 255 158
-0.84375 -0.875 0.0852941176470588 87 255 168
-0.84375 -0.84375 0.06960784313725488 71 255 184
-0.84375 -0.8125 0.05196078431372547 53 255 202
-0.84375 -0.78125 0.0303921568627451 31 255 224
-0.84375 -0.75 0.00882352941176473 9 255 246
-0.84375 -0.71875 -0.01470588235294118 0 240 255
-0.84375 -0.6875 -0.03823529411764706 0 216 255
-0.84375 -0.65625 -0.05980392156862746 0 194 255
-0.84375 -0.625 -0.07745098039215687 0 176 255
-0.84375 -0.59375 -0.09509803921568627 0 158 255
-0.84375 -0.5625 -0.10686274509803922 0 146 255
-0.84375 -0.53125 -0.11274509803921567 0 140 255
-0.84375 -0.5 -0.11666666666666667 0 136 255
-0.84375 -0.46875 -0.11274509803921567 0 140 255
-0.84375 -0.4375 -0.10686274509803922 0 146 255
-0.84375 -0.40625 -0.09509803921568627 0 158 255
-0.84375 -0.375 -0.07745098039215687 0 176 255
-0.84375 -0.34375 -0.05980392156862746 0 194 255
-0.84375 -0.3125 -0.03823529411764706 0 216 255
-0.84375 -0.28125 -0.01470588235294118 0 240 255
-0.84375 -0.25 0.00882352941176473 9 255 246
-0.84375 -0.21875 0.0303921568627451 31 255 224
-0.84375 -0.1875 0.05196078431372547 53 255 202
-0.84375 -0.15625 0.06960784313725488 71 255 184
-0.84375 -0.125 0.0852941176470588 87 255 168
-0.84375 -0.09375 0.09509803921568627 97 255 158
-0.84375 -0.0625 0.10294117647058826 105 255 150
-0.84375 -0.03125 0.10490196078431374 107 255 148
-0.84375 0 0.10490196078431374 107 255 148
-0.84375 0.03125 0.09901960784313724 101 255 154
-0.84375 0.0625 0.08921568627450982 91 255 164
-0.84375 0.09375 0.07745098039215687 79 255 176
-0.84375 0.125 0.061764705882352944 63 255 192
-0.84375 0.15625 0.04607843137254902 47 255 208
-0.84375 0.1875 0.028431372549019618 29 255 226
-0.84375 0.21875 0.00882352941176473 9 255 246
-0.84375 0.25 -0.008823529411764702 0 246 255
-0.84375 0.28125 -0.026470588235294107 0 228 255
-0.84375 0.3125 -0.04215686274509803 0 212 255
-0.84375 0.34375 -0.055882352941176466 0 198 255
-0.84375 0.375 -0.0696078431372549 0 184 255
-0.84375 0.40625 -0.07941176470588235 0 174 255
-0.84375 0.4375 -0.08529411764705883 0 168 255
-0.84375 0.46875 -0.0911764705882353 0 162 255
-0.84375 0.5 -0.0911764705882353 0 162 255
-0.84375 0.53125 -0.0911764705882353 0 162 255
-0.84375 0.5625 -0.08529411764705883 0 168 255
-0.84375 0.59375 -0.07941176470588235 0 174 255
-0.84375 0.625 -0.0696078431372549 0 184 255
-0.84375 0.65625 -0.055882352941176466 0 198 255
-0.84375 0.6875 -0.04215686274509803 0 212 255
-0.84375 0.71875 -0.026470588235294107 0 228 255
-0.84375 0.75 -0.008823529411764702 0 246 255
-0.84375 0.78125 0.00882352941176473 9 255 246
-0.84375 0.8125 0.028431372549019618 29 255 226
-0.84375 0.84375 0.04607843137254902 47 255 208
-0.84375 0.875 0.061764705882352944 63 255 192
-0.84375 0.90625 0.07745098039215687 79 255 176
-0.84375 0.9375 0.08921568627450982 91 255 164
-0.84375 0.96875 0.09901960784313724 101 255 154
-0.84375 1 0.10490196078431374 107 255 148
-0.8125 -1 0.11470588235294116 117 255 138
-0.8125 -0.96875 0.10686274509803922 109 255 146
-0.8125 -0.9375 0.09313725490196079 95 255 160
-0.8125 -0.90625 0.07745098039215687 79 255 176
-0.8125 -0.875 0.05980392156862746 61 255 194
-0.8125 -0.84375 0.04019607843137257 41 255 214
-0.8125 -0.8125 0.02058823529411763 21 255 234
-0.8125 -0.78125 0.0009803921568627416 1 255 254
-0.8125 -0.75 -0.016666666666666663 0 238 255
-0.8125 -0.71875 -0.03431372549019607 0 220 255
-0.8125 -0.6875 -0.048039215686274506 0 206 255
-0.8125 -0.65625 -0.061764705882352944 0 192 255
-0.8125 -0.625 -0.07156862745098039 0 182 255
-0.8125 -0.59375 -0.08137254901960783 0 172 255
-0.8125 -0.5625 -0.08725490196078431 0 166 255
-0.8125 -0.53125 -0.08921568627450979 0 164 255
-0.8125 -0.5 -0.0911764705882353 0 162 255
-0.8125 -0.46875 -0.08921568627450979 0 164 255
-0.8125 -0.4375 -0.08725490196078431 0 166 255
-0.8125 -0.40625 -0.08137254901960783 0 172 255
-0.8125 -0.375 -0.07156862745098039 0 182 255
-0.8125 -0.34375 -0.061764705882352944 0 192 255
-0.8125 -0.3125 -0.048039215686274506 0 206 255
-0.8125 -0.28125 -0.03431372549019607 0 220 255
-0.8125 -0.25 -0.016666666666666663 0 238 255
-0.8125 -0.21875 0.0009803921568627416 1 255 254
-0.8125 -0.1875 0.02058823529411763 21 255 234
-0.8125 -0.15625 0.04019607843137257 41 255 214
-0.8125 -0.125 0.05980392156862746 61 255 194
-0.8125 -0.09375 0.07745098039215687 79 255 176
-0.8125 -0.0625 0.09313725490196079 95 255 160
-0.8125 -0.03125 0.10686274509803922 109 255 146
-0.8125 0 0.11470588235294116 117 255 138
-0.8125 0.03125 0.12058823529411766 123 255 132
-0.8125 0.0625 0.12058823529411766 123 255 132
-0.8125 0.09375 0.11470588235294116 117 255 138
-0.8125 0.125 0.10490196078431374 107 255 148
-0.8125 0.15625 0.08921568627450982 91 255 164
-0.8125 0.1875 0.0676470588235294 69 255 186
-0.8125 0.21875 0.04411764705882354 45 255 210
-0.8125 0.25 0.016666666666666663 17 255 238
-0.8125 0.28125 -0.010784313725490186 0 244 255
-0.8125 0.3125 -0.040196078431372545 0 214 255
-0.8125 0.34375 -0.06568627450980391 0 188 255
-0.8125 0.375 -0.0911764705882353 0 162 255
-0.8125 0.40625 -0.11078431372549019 0 142 255
-0.8125 0.4375 -0.1264705882352941 0 126 255
-0.8125 0.46875 -0.13627450980392158 0 116 255
-0.8125 0.5 -0.14019607843137255 0 112 255
-0.8125 0.53125 -0.13627450980392158 0 116 255
-0.8125 0.5625 -0.1264705882352941 0 126 255
-0.8125 0.59375 -0.11078431372549019 0 142 255
-0.8125 0.625 -0.0911764705882353 0 162 255
-0.8125 0.65625 -0.06568627450980391 0 188 255
-0.8125 0.6875 -0.040196078431372545 0 214 255
-0.8125 0.71875 -0.010784313725490186 0 244 255
-0.8125 0.75 0.016666666666666663 17 255 238
-0.8125 0.78125 0.04411764705882354 45 255 210
-0.8125 0.8125 0.0676470588235294 69 255 186
-0.8125 0.84375 0.08921568627450982 91 255 164
-0.8125 0.875 0.10490196078431374 107 255 148
-0.8125 0.90625 0.11470588235294116 117 255 138
-0.8125 0.9375 0.12058823529411766 123 255 132
-0.8125 0.96875 0.12058823529411766 123 255 132
-0.8125 1 0.11470588235294116 117 255 138
-0.78125 -1 0.12254901960784315 125 255 130
-0.78125 -0.96875 0.10294117647058826 105 255 150
-0.78125 -0.9375 0.08137254901960783 83 255 172
-0.78125 -0.90625 0.055882352941176494 57 255 198
-0.78125 -0.875 0.032352941176470584 33 255 222
-0.78125 -0.84375 0.00882352941176473 9 255 246
-0.78125 -0.8125 -0.010784313725490186 0 244 255
-0.78125 -0.78125 -0.028431372549019618 0 226 255
-0.78125 -0.75 -0.04215686274509803 0 212 255
-0.78125 -0.71875 -0.0519607843137255 0 202 255
-0.78125 -0.6875 -0.05784313725490195 0 196 255
-0.78125 -0.65625 -0.061764705882352944 0 192 255
-0.78125 -0.625 -0.06372549019607843 0 190 255
-0.78125 -0.59375 -0.06372549019607843 0 190 255
-0.78125 -0.5625 -0.06372549019607843 0 190 255
-0.78125 -0.53125 -0.06372549019607843 0 190 255
-0.78125 -0.5 -0.06372549019607843 0 190 255
-0.78125 -0.46875 -0.06372549019607843 0 190 255
-0.78125 -0.4375 -0.06372549019607843 0 190 255
-0.78125 -0.40625 -0.06372549019607843 0 190 255
-0.78125 -0.375 -0.06372549019607843 0 190 255
-0.78125 -0.34375 -0.061764705882352944 0 192 255
-0.78125 -0.3125 -0.05784313725490195 0 196 255
-0.78125 -0.28125 -0.0519607843137255 0 202 255
-0.78125 -0.25 -0.04215686274509803 0 212 255
-0.78125 -0.21875 -0.028431372549019618 0 226 255
-0.78125 -0.1875 -0.010784313725490186 0 244 255
-0.78125 -0.15625 0.00882352941176473 9 255 246
-0.78125 -0.125 0.032352941176470584 33 255 222
-0.78125 -0.09375 0.055882352941176494 57 255 198
-0.78125 -0.0625 0.08137254901960783 83 255 172
-0.78125 -0.03125 0.10294117647058826 105 255 150
-0.78125 0 0.12254901960784315 125 255 130
-0.78125 0.03125 0.13823529411764707 141 255 114
-0.78125 0.0625 0.146078431372549 149 255 106
-0.78125 0.09375 0.14803921568627448 151 255 104
-0.78125 0.125 0.14019607843137255 143 255 112
-0.78125 0.15625 0.1264705882352941 129 255 126
-0.78125 0.1875 0.10490196078431374 107 255 148
-0.78125 0.21875 0.07549019607843138 77 255 178
-0.78125 0.25 0.042156862745098056 43 255 212
-0.78125 0.28125 0.002941176470588225 3 255 252
-0.78125 0.3125 -0.03627450980392158 0 218 255
-0.78125 0.34375 -0.07352941176470587 0 180 255
-0.78125 0.375 -0.10882352941176471 0 144 255
-0.78125 0.40625 -0.14019607843137255 0 112 255
-0.78125 0.4375 -0.16176470588235292 0 90 255
-0.78125 0.46875 -0.17745098039215684 0 74 255
-0.78125 0.5 -0.18137254901960784 0 70 255
-0.78125 0.53125 -0.17745098039215684 0 74 255
-0.78125 0.5625 -0.16176470588235292 0 90 255
-0.78125 0.59375 -0.14019607843137255 0 112 255
-0.78125 0.625 -0.10882352941176471 0 144 255
-0.78125 0.65625 -0.07352941176470587 0 180 255
-0.78125 0.6875 -0.03627450980392158 0 218 255
-0.78125 0.71875 0.002941176470588225 3 255 252
-0.78125 0.75 0.042156862745098056 43 255 212
-0.78125 0.78125 0.07549019607843138 77 255 178
-0.78125 0.8125 0.10490196078431374 107 255 148
-0.78125 0.84375 0.1264705882352941 129 255 126
-0.78125 0.875 0.14019607843137255 143 255 112
-0.78125 0.90625 0.14803921568627448 151 255 104
-0.78125 0.9375 0.146078431372549 149 255 106
-0.78125 0.96875 0.13823529411764707 141 255 114
-0.78125 1 0.12254901960784315 125 255 130
-0.75 -1 0.12450980392156863 127 255 128
-0.75 -0.96875 0.09705882352941175 99 255 156
-0.75 -0.9375 0.06568627450980391 67 255 188
-0.75 -0.90625 0.03627450980392155 37 255 218
-0.75 -0.875 0.006862745098039191 7 255 248
-0.75 -0.84375 -0.018627450980392146 0 236 255
-0.75 -0.8125 -0.03823529411764706 0 216 255
-0.75 -0.78125 -0.05392156862745098 0 200 255
-0.75 -0.75 -0.061764705882352944 0 192 255
-0.75 -0.71875 -0.06568627450980391 0 188 255
-0.75 -0.6875 -0.06568627450980391 0 188 255
-0.75 -0.65625 -0.05980392156862746 0 194 255
-0.75 -0.625 -0.05392156862745098 0 200 255
-0.75 -0.59375 -0.048039215686274506 0 206 255
-0.75 -0.5625 -0.04215686274509803 0 212 255
-0.75 -0.53125 -0.03823529411764706 0 216 255
-0.75 -0.5 -0.03627450980392158 0 218 255
-0.75 -0.46875 -0.03823529411764706 0 216 255
-0.75 -0.4375 -0.04215686274509803 0 212 255
-0.75 -0.40625 -0.048039215686274506 0 206 255
-0.75 -0.375 -0.05392156862745098 0 200 255
-0.75 -0.34375 -0.05980392156862746 0 194 255
-0.75 -0.3125 -0.06568627450980391 0 188 255
-0.75 -0.28125 -0.06568627450980391 0 188 255
-0.75 -0.25 -0.061764705882352944 0 192 255
-0.75 -0.21875 -0.05392156862745098 0 200 255
-0.75 -0.1875 -0.03823529411764706 0 216 255
-0.75 -0.15625 -0.018627450980392146 0 236 255
-0.75 -0.125 0.006862745098039191 7 255 248
-0.75 -0.09375 0.03627450980392155 37 255 218
-0.75 -0.0625 0.06568627450980391 67 255 188
-0.75 -0.03125 0.09705882352941175 99 255 156
-0.75 0 0.12450980392156863 127 255 128
-0.75 0.03125 0.14803921568627448 151 255 104
-0.75 0.0625 0.1637254901960784 167 255 88
-0.75 0.09375 0.1715686274509804 175 255 80
-0.75 0.125 0.1696078431372549 173 255 82
-0.75 0.15625 0.15784313725490196 161 255 94
-0.75 0.1875 0.1343137254901961 137 255 118
-0.75 0.21875 0.10294117647058826 105 255 150
-0.75 0.25 0.061764705882352944 63 255 192
-0.75 0.28125 0.016666666666666663 17 255 238
-0.75 0.3125 -0.0303921568627451 0 224 255
-0.75 0.34375 -0.07745098039215687 0 176 255
-0.75 0.375 -0.12254901960784315 0 130 255
-0.75 0.40625 -0.15980392156862744 0 92 255
-0.75 0.4375 -0.1892156862745098 0 62 255
-0.75 0.46875 -0.2068627450980392 0 44 255
-0.75 0.5 -0.21274509803921568 0 38 255
-0.75 0.53125 -0.2068627450980392 0 44 255
-0.75 0.5625 -0.1892156862745098 0 62 255
-0.75 0.59375 -0.15980392156862744 0 92 255
-0.75 0.625 -0.12254901960784315 0 130 255
-0.75 0.65625 -0.07745098039215687 0 176 255
-0.75 0.6875 -0.0303921568627451 0 224 255
-0.75 0.71875 0.016666666666666663 17 255 238
-0.75 0.75 0.061764705882352944 63 255 192
-0.75 0.78125 0.10294117647058826 105 255 150
-0.75 0.8125 0.1343137254901961 137 255 118
-0.75 0.84375 0.15784313725490196 161 255 94
-0.75 0.875 0.1696078431372549 173 255 82
-0.75 0.90625 0.1715686274509804 175 255 80
-0.75 0.9375 0.1637254901960784 167 255 88
-0.75 0.96875 0.14803921568627448 151 255 104
-0.75 1 0.12450980392156863 127 255 128
-0.71875 -1 0.12254901960784315 125 255 130
-0.71875 -0.96875 0.08921568627450982 91 255 164
-0.71875 -0.9375 0.05196078431372547 53 255 202
-0.71875 -0.90625 0.016666666666666663 17 255 238
-0.71875 -0.875 -0.01470588235294118 0 240 255
-0.71875 -0.84375 -0.04215686274509803 0 212 255
-0.71875 -0.8125 -0.061764705882352944 0 192 255
-0.71875 -0.78125 -0.07352941176470587 0 180 255
-0.71875 -0.75 -0.07745098039215687 0 176 255
-0.71875 -0.71875 -0.07549019607843138 0 178 255
-0.71875 -0.6875 -0.06764705882352942 0 186 255
-0.71875 -0.65625 -0.05784313725490195 0 196 255
-0.71875 -0.625 -0.04411764705882354 0 210 255
-0.71875 -0.59375 -0.032352941176470584 0 222 255
-0.71875 -0.5625 -0.02254901960784314 0 232 255
-0.71875 -0.53125 -0.01470588235294118 0 240 255
-0.71875 -0.5 -0.012745098039215697 0 242 255
-0.71875 -0.46875 -0.01470588235294118 0 240 255
-0.71875 -0.4375 -0.02254901960784314 0 232 255
-0.71875 -0.40625 -0.032352941176470584 0 222 255
-0.71875 -0.375 -0.04411764705882354 0 210 255
-0.71875 -0.34375 -0.05784313725490195 0 196 255
-0.71875 -0.3125 -0.06764705882352942 0 186 255
-0.71875 -0.28125 -0.07549019607843138 0 178 255
-0.71875 -0.25 -0.07745098039215687 0 176 255
-0.71875 -0.21875 -0.07352941176470587 0 180 255
-0.71875 -0.1875 -0.061764705882352944 0 192 255
-0.71875 -0.15625 -0.04215686274509803 0 212 255
-0.71875 -0.125 -0.01470588235294118 0 240 255
-0.71875 -0.09375 0.016666666666666663 17 255 238
-0.71875 -0.0625 0.05196078431372547 53 255 202
-0.71875 -0.03125 0.08921568627450982 91 255 164
-0.71875 0 0.12254901960784315 125 255 130
-0.71875 0.03125 0.1519607843137255 155 255 100
-0.71875 0.0625 0.17549019607843136 179 255 76
-0.71875 0.09375 0.18725490196078431 191 255 64
-0.71875 0.125 0.1892156862745098 193 255 62
-0.71875 0.15625 0.17745098039215684 181 255 74
-0.71875 0.1875 0.15588235294117647 159 255 96
-0.71875 0.21875 0.12058823529411766 123 255 132
-0.71875 0.25 0.07745098039215687 79 255 176
-0.71875 0.28125 0.028431372549019618 29 255 226
-0.71875 0.3125 -0.024509803921568624 0 230 255
-0.71875 0.34375 -0.07941176470588235 0 174 255
-0.71875 0.375 -0.1284313725490196 0 124 255
-0.71875 0.40625 -0.1715686274509804 0 80 255
-0.71875 0.4375 -0.20490196078431372 0 46 255
-0.71875 0.46875 -0.22647058823529412 0 24 255
-0.71875 0.5 -0.2323529411764706 0 18 255
-0.71875 0.53125 -0.22647058823529412 0 24 255
-0.71875 0.5625 -0.20490196078431372 0 46 255
-0.71875 0.59375 -0.1715686274509804 0 80 255
-0.71875 0.625 -0.1284313725490196 0 124 255
-0.71875 0.65625 -0.07941176470588235 0 174 255
-0.71875 0.6875 -0.024509803921568624 0 230 255
-0.71875 0.71875 0.028431372549019618 29 255 226
-0.71875 0.75 0.07745098039215687 79 255 176
-0.71875 0.78125 0.12058823529411766 123 255 132
-0.71875 0.8125 0.15588235294117647 159 255 96
-0.71875 0.84375 0.17745098039215684 181 255 74
-0.71875 0.875 0.1892156862745098 193 255 62
-0.71875 0.90625 0.18725490196078431 191 255 64
-0.71875 0.9375 0.17549019607843136 179 255 76
-0.71875 0.96875 0.1519607843137255 155 255 100
-0.71875 1 0.12254901960784315 125 255 130
-0.6875 -1 0.11470588235294116 117 255 138
-0.6875 -0.96875 0.07745098039215687 79 255 176
-0.6875 -0.9375 0.038235294117647034 39 255 216
-0.6875 -0.90625 0.0009803921568627416 1 255 254
-0.6875 -0.875 -0.032352941176470584 0 222 255
-0.6875 -0.84375 -0.05784313725490195 0 196 255
-0.6875 -0.8125 -0.07549019607843138 0 178 255
-0.6875 -0.78125 -0.08529411764705883 0 168 255
-0.6875 -0.75 -0.08725490196078431 0 166 255
-0.6875 -0.71875 -0.07941176470588235 0 174 255
-0.6875 -0.6875 -0.06764705882352942 0 186 255
-0.6875 -0.65625 -0.0519607843137255 0 202 255
-0.6875 -0.625 -0.03431372549019607 0 220 255
-0.6875 -0.59375 -0.018627450980392146 0 236 255
-0.6875 -0.5625 -0.004901960784313736 0 250 255
-0.6875 -0.53125 0.004901960784313708 5 255 250
-0.6875 -0.5 0.006862745098039191 7 255 248
-0.6875 -0.46875 0.004901960784313708 5 255 250
-0.6875 -0.4375 -0.004901960784313736 0 250 255
-0.6875 -0.40625 -0.018627450980392146 0 236 255
-0.6875 -0.375 -0.03431372549019607 0 220 255
-0.6875 -0.34375 -0.0519607843137255 0 202 255
-0.6875 -0.3125 -0.06764705882352942 0 186 255
-0.6875 -0.28125 -0.07941176470588235 0 174 255
-0.6875 -0.25 -0.08725490196078431 0 166 255
-0.6875 -0.21875 -0.08529411764705883 0 168 255
-0.6875 -0.1875 -0.07549019607843138 0 178 255
-0.6875 -0.15625 -0.05784313725490195 0 196 255
-0.6875 -0.125 -0.032352941176470584 0 222 255
-0.6875 -0.09375 0.0009803921568627416 1 255 254
-0.6875 -0.0625 0.038235294117647034 39 255 216
-0.6875 -0.03125 0.07745098039215687 79 255 176
-0.6875 0 0.11470588235294116 117 255 138
-0.6875 0.03125 0.14803921568627448 151 255 104
-0.6875 0.0625 0.17549019607843136 179 255 76
-0.6875 0.09375 0.19117647058823528 195 255 60
-0.6875 0.125 0.19509803921568625 199 255 56
-0.6875 0.15625 0.18529411764705883 189 255 66
-0.6875 0.1875 0.1637254901960784 167 255 88
-0.6875 0.21875 0.13039215686274508 133 255 122
-0.6875 0.25 0.08725490196078434 89 255 166
-0.6875 0.28125 0.03431372549019607 35 255 220
-0.6875 0.3125 -0.020588235294117657 0 234 255
-0.6875 0.34375 -0.07549019607843138 0 178 255
-0.6875 0.375 -0.1284313725490196 0 124 255
-0.6875 0.40625 -0.17352941176470588 0 78 255
-0.6875 0.4375 -0.2088235294117647 0 42 255
-0.6875 0.46875 -0.2303921568627451 0 20 255
-0.6875 0.5 -0.23823529411764705 0 12 255
-0.6875 0.53125 -0.2303921568627451 0 20 255
-0.6875 0.5625 -0.2088235294117647 0 42 255
-0.6875 0.59375 -0.17352941176470588 0 78 255
-0.6875 0.625 -0.1284313725490196 0 124 255
-0.6875 0.65625 -0.07549019607843138 0 178 255
-0.6875 0.6875 -0.020588235294117657 0 234 255
-0.6875 0.71875 0.03431372549019607 35 255 220
-0.6875 0.75 0.08725490196078434 89 255 166
-0.6875 0.78125 0.13039215686274508 133 255 122
-0.6875 0.8125 0.1637254901960784 167 255 88
-0.6875 0.84375 0.18529411764705883 189 255 66
-0.6875 0.875 0.19509803921568625 199 255 56
-0.6875 0.90625 0.19117647058823528 195 255 60
-0.6875 0.9375 0.17549019607843136 179 255 76
-0.6875 0.96875 0.14803921568627448 151 255 104
-0.6875 1 0.11470588235294116 117 255 138
-0.65625 -1 0.10490196078431374 107 255 148
-0.65625 -0.96875 0.06568627450980391 67 255 188
-0.65625 -0.9375 0.026470588235294135 27 255 228
-0.65625 -0.90625 -0.008823529411764702 0 246 255
-0.65625 -0.875 -0.04215686274509803 0 212 255
-0.65625 -0.84375 -0.06568627450980391 0 188 255
-0.65625 -0.8125 -0.08137254901960783 0 172 255
-0.65625 -0.78125 -0.08921568627450979 0 164 255
-0.65625 -0.75 -0.08725490196078431 0 166 255
-0.65625 -0.71875 -0.07941176470588235 0 174 255
-0.65625 -0.6875 -0.06372549019607843 0 190 255
-0.65625 -0.65625 -0.04607843137254902 0 208 255
-0.65625 -0.625 -0.026470588235294107 0 228 255
-0.65625 -0.59375 -0.006862745098039219 0 248 255
-0.65625 -0.5625 0.006862745098039191 7 255 248
-0.65625 -0.53125 0.016666666666666663 17 255 238
-0.65625 -0.5 0.02058823529411763 21 255 234
-0.65625 -0.46875 0.016666666666666663 17 255 238
-0.65625 -0.4375 0.006862745098039191 7 255 248
-0.65625 -0.40625 -0.006862745098039219 0 248 255
-0.65625 -0.375 -0.026470588235294107 0 228 255
-0.65625 -0.34375 -0.04607843137254902 0 208 255
-0.65625 -0.3125 -0.06372549019607843 0 190 255
-0.65625 -0.28125 -0.07941176470588235 0 174 255
-0.65625 -0.25 -0.08725490196078431 0 166 255
-0.65625 -0.21875 -0.08921568627450979 0 164 255
-0.65625 -0.1875 -0.08137254901960783 0 172 255
-0.65625 -0.15625 -0.06568627450980391 0 188 255
-0.65625 -0.125 -0.04215686274509803 0 212 255
-0.65625 -0.09375 -0.008823529411764702 0 246 255
-0.65625 -0.0625 0.026470588235294135 27 255 228
-0.65625 -0.03125 0.06568627450980391 67 255 188
-0.65625 0 0.10490196078431374 107 255 148
-0.65625 0.03125 0.13823529411764707 141 255 114
-0.65625 0.0625 0.16568627450980394 169 255 86
-0.65625 0.09375 0.18333333333333335 187 255 68
-0.65625 0.125 0.1892156862745098 193 255 62
-0.65625 0.15625 0.18137254901960786 185 255 70
-0.65625 0.1875 0.16176470588235292 165 255 90
-0.65625 0.21875 0.13039215686274508 133 255 122
-0.65625 0.25 0.08725490196078434 89 255 166
-0.65625 0.28125 0.038235294117647034 39 255 216
-0.65625 0.3125 -0.01470588235294118 0 240 255
-0.65625 0.34375 -0.0696078431372549 0 184 255
-0.65625 0.375 -0.12058823529411763 0 132 255
-0.65625 0.40625 -0.16568627450980392 0 86 255
-0.65625 0.4375 -0.19901960784313727 0 52 255
-0.65625 0.46875 -0.22058823529411764 0 30 255
-0.65625 0.5 -0.2284313725490196 0 22 255
-0.65625 0.53125 -0.22058823529411764 0 30 255
-0.65625 0.5625 -0.19901960784313727 0 52 255
-0.65625 0.59375 -0.16568627450980392 0 86 255
-0.65625 0.625 -0.12058823529411763 0 132 255
-0.65625 0.65625 -0.0696078431372549 0 184 255
-0.65625 0.6875 -0.01470588235294118 0 240 255
-0.65625 0.71875 0.038235294117647034 39 255 216
-0.65625 0.75 0.08725490196078434 89 255 166
-0.65625 0.78125 0.13039215686274508 133 255 122
-0.65625 0.8125 0.16176470588235292 165 255 90
-0.65625 0.84375 0.18137254901960786 185 255 70
-0.65625 0.875 0.1892156862745098 193 255 62
-0.65625 0.90625 0.18333333333333335 187 255 68
-0.65625 0.9375 0.16568627450980394 169 255 86
-0.65625 0.96875 0.13823529411764707 141 255 114
-0.65625 1 0.10490196078431374 107 255 148
-0.625 -1 0.08921568627450982 91 255 164
-0.625 -0.96875 0.053921568627450955 55 255 200
-0.625 -0.9375 0.016666666666666663 17 255 238
-0.625 -0.90625 -0.016666666666666663 0 238 255
-0.625 -0.875 -0.04411764705882354 0 210 255
-0.625 -0.84375 -0.06568627450980391 0 188 255
-0.625 -0.8125 -0.07941176470588235 0 174 255
-0.625 -0.78125 -0.08529411764705883 0 168 255
-0.625 -0.75 -0.08137254901960783 0 172 255
-0.625 -0.71875 -0.07156862745098039 0 182 255
-0.625 -0.6875 -0.055882352941176466 0 198 255
-0.625 -0.65625 -0.03823529411764706 0 216 255
-0.625 -0.625 -0.018627450980392146 0 236 255
-0.625 -0.59375 -0.0009803921568627416 0 254 255
-0.625 -0.5625 0.01470588235294118 15 255 240
-0.625 -0.53125 0.02450980392156865 25 255 230
-0.625 -0.5 0.026470588235294135 27 255 228
-0.625 -0.46875 0.02450980392156865 25 255 230
-0.625 -0.4375 0.01470588235294118 15 255 240
-0.625 -0.40625 -0.0009803921568627416 0 254 255
-0.625 -0.375 -0.018627450980392146 0 236 255
-0.625 -0.34375 -0.03823529411764706 0 216 255
-0.625 -0.3125 -0.055882352941176466 0 198 255
-0.625 -0.28125 -0.07156862745098039 0 182 255
-0.625 -0.25 -0.08137254901960783 0 172 255
-0.625 -0.21875 -0.08529411764705883 0 168 255
-0.625 -0.1875 -0.07941176470588235 0 174 255
-0.625 -0.15625 -0.06568627450980391 0 188 255
-0.625 -0.125 -0.04411764705882354 0 210 255
-0.625 -0.09375 -0.016666666666666663 0 238 255
-0.625 -0.0625 0.016666666666666663 17 255 238
-0.625 -0.03125 0.053921568627450955 55 255 200
-0.625 0 0.08921568627450982 91 255 164
-0.625 0.03125 0.12058823529411766 123 255 132
-0.625 0.0625 0.146078431372549 149 255 106
-0.625 0.09375 0.1637254901960784 167 255 88
-0.625 0.125 0.1696078431372549 173 255 82
-0.625 0.15625 0.1637254901960784 167 255 88
-0.625 0.1875 0.14803921568627448 151 255 104
-0.625 0.21875 0.11862745098039218 121 255 134
-0.625 0.25 0.08137254901960783 83 255 172
-0.625 0.28125 0.03627450980392155 37 255 218
-0.625 0.3125 -0.010784313725490186 0 244 255
-0.625 0.34375 -0.05980392156862746 0 194 255
-0.625 0.375 -0.10686274509803922 0 146 255
-0.625 0.40625 -0.146078431372549 0 106 255
-0.625 0.4375 -0.17745098039215684 0 74 255
-0.625 0.46875 -0.19705882352941176 0 54 255
-0.625 0.5 -0.20294117647058824 0 48 255
-0.625 0.53125 -0.19705882352941176 0 54 255
-0.625 0.5625 -0.17745098039215684 0 74 255
-0.625 0.59375 -0.146078431372549 0 106 255
-0.625 0.625 -0.10686274509803922 0 146 255
-0.625 0.65625 -0.05980392156862746 0 194 255
-0.625 0.6875 -0.010784313725490186 0 244 255
-0.625 0.71875 0.03627450980392155 37 255 218
-0.625 0.75 0.08137254901960783 83 255 172
-0.625 0.78125 0.11862745098039218 121 255 134
-0.625 0.8125 0.14803921568627448 151 255 104
-0.625 0.84375 0.1637254901960784 167 255 88
-0.625 0.875 0.1696078431372549 173 255 82
-0.625 0.90625 0.1637254901960784 167 255 88
-0.625 0.9375 0.146078431372549 149 255 106
-0.625 0.96875 0.12058823529411766 123 255 132
-0.625 1 0.08921568627450982 91 255 164
-0.59375 -1 0.06960784313725488 71 255 184
-0.59375 -0.96875 0.04019607843137257 41 255 214
-0.59375 -0.9375 0.010784313725490213 11 255 244
-0.59375 -0.90625 -0.016666666666666663 0 238 255
-0.59375 -0.875 -0.040196078431372545 0 214 255
-0.59375 -0.84375 -0.05784313725490195 0 196 255
-0.59375 -0.8125 -0.06764705882352942 0 186 255
-0.59375 -0.78125 -0.07156862745098039 0 182 255
-0.59375 -0.75 -0.06764705882352942 0 186 255
-0.59375 -0.71875 -0.05980392156862746 0 194 255
-0.59375 -0.6875 -0.04607843137254902 0 208 255
-0.59375 -0.65625 -0.028431372549019618 0 226 255
-0.59375 -0.625 -0.012745098039215697 0 242 255
-0.59375 -0.59375 0.002941176470588225 3 255 252
-0.59375 -0.5625 0.016666666666666663 17 255 238
-0.59375 -0.53125 0.02450980392156865 25 255 230
-0.59375 -0.5 0.026470588235294135 27 255 228
-0.59375 -0.46875 0.02450980392156865 25 255 230
-0.59375 -0.4375 0.016666666666666663 17 255 238
-0.59375 -0.40625 0.002941176470588225 3 255 252
-0.59375 -0.375 -0.012745098039215697 0 242 255
-0.59375 -0.34375 -0.028431372549019618 0 226 255
-0.59375 -0.3125 -0.04607843137254902 0 208 255
-0.59375 -0.28125 -0.05980392156862746 0 194 255
-0.59375 -0.25 -0.06764705882352942 0 186 255
-0.59375 -0.21875 -0.07156862745098039 0 182 255
-0.59375 -0.1875 -0.06764705882352942 0 186 255
-0.59375 -0.15625 -0.05784313725490195 0 196 255
-0.59375 -0.125 -0.040196078431372545 0 214 255
-0.59375 -0.09375 -0.016666666666666663 0 238 255
-0.59375 -0.0625 0.010784313725490213 11 255 244
-0.59375 -0.03125 0.04019607843137257 41 255 214
-0.59375 0 0.06960784313725488 71 255 184
-0.59375 0.03125 0.09705882352941175 99 255 156
-0.59375 0.0625 0.11862745098039218 121 255 134
-0.59375 0.09375 0.13235294117647056 135 255 120
-0.59375 0.125 0.13823529411764707 141 255 114
-0.59375 0.15625 0.1343137254901961 137 255 118
-0.59375 0.1875 0.12058823529411766 123 255 132
-0.59375 0.21875 0.09901960784313724 101 255 154
-0.59375 0.25 0.0676470588235294 69 255 186
-0.59375 0.28125 0.032352941176470584 33 255 222
-0.59375 0.3125 -0.006862745098039219 0 248 255
-0.59375 0.34375 -0.048039215686274506 0 206 255
-0.59375 0.375 -0.08529411764705883 0 168 255
-0.59375 0.40625 -0.11862745098039215 0 134 255
-0.59375 0.4375 -0.14411764705882352 0 108 255
-0.59375 0.46875 -0.15980392156862744 0 92 255
-0.59375 0.5 -0.16568627450980392 0 86 255
-0.59375 0.53125 -0.15980392156862744 0 92 255
-0.59375 0.5625 -0.14411764705882352 0 108 255
-0.59375 0.59375 -0.11862745098039215 0 134 255
-0.59375 0.625 -0.08529411764705883 0 168 255
-0.59375 0.65625 -0.048039215686274506 0 206 255
-0.59375 0.6875 -0.006862745098039219 0 248 255
-0.59375 0.71875 0.032352941176470584 33 255 222
-0.59375 0.75 0.0676470588235294 69 255 186
-0.59375 0.78125 0.09901960784313724 101 255 154
-0.59375 0.8125 0.12058823529411766 123 255 132
-0.59375 0.84375 0.1343137254901961 137 255 118
-0.59375 0.875 0.13823529411764707 141 255 114
-0.59375 0.90625 0.13235294117647056 135 255 120
-0.59375 0.9375 0.11862745098039218 121 255 134
-0.59375 0.96875 0.09705882352941175 99 255 156
-0.59375 1 0.06960784313725488 71 255 184
-0.5625 -1 0.048039215686274506 49 255 206
-0.5625 -0.96875 0.026470588235294135 27 255 228
-0.5625 -0.9375 0.004901960784313708 5 255 250
-0.5625 -0.90625 -0.01470588235294118 0 240 255
-0.5625 -0.875 -0.0303921568627451 0 224 255
-0.5625 -0.84375 -0.04215686274509803 0 212 255
-0.5625 -0.8125 -0.04999999999999999 0 204 255
-0.5625 -0.78125 -0.0519607843137255 0 202 255
-0.5625 -0.75 -0.04999999999999999 0 204 255
-0.5625 -0.71875 -0.04215686274509803 0 212 255
-0.5625 -0.6875 -0.032352941176470584 0 222 255
-0.5625 -0.65625 -0.020588235294117657 0 234 255
-0.5625 -0.625 -0.006862745098039219 0 248 255
-0.5625 -0.59375 0.004901960784313708 5 255 250
-0.5625 -0.5625 0.012745098039215697 13 255 242
-0.5625 -0.53125 0.018627450980392146 19 255 236
-0.5625 -0.5 0.022549019607843113 23 255 232
-0.5625 -0.46875 0.018627450980392146 19 255 236
-0.5625 -0.4375 0.012745098039215697 13 255 242
-0.5625 -0.40625 0.004901960784313708 5 255 250
-0.5625 -0.375 -0.006862745098039219 0 248 255
-0.5625 -0.34375 -0.020588235294117657 0 234 255
-0.5625 -0.3125 -0.032352941176470584 0 222 255
-0.5625 -0.28125 -0.04215686274509803 0 212 255
-0.5625 -0.25 -0.04999999999999999 0 204 255
-0.5625 -0.21875 -0.0519607843137255 0 202 255
-0.5625 -0.1875 -0.04999999999999999 0 204 255
-0.5625 -0.15625 -0.04215686274509803 0 212 255
-0.5625 -0.125 -0.0303921568627451 0 224 255
-0.5625 -0.09375 -0.01470588235294118 0 240 255
-0.5625 -0.0625 0.004901960784313708 5 255 250
-0.5625 -0.03125 0.026470588235294135 27 255 228
-0.5625 0 0.048039215686274506 49 255 206
-0.5625 0.03125 0.0676470588235294 69 255 186
-0.5625 0.0625 0.08333333333333331 85 255 170
-0.5625 0.09375 0.09313725490196079 95 255 160
-0.5625 0.125 0.09705882352941175 99 255 156
-0.5625 0.15625 0.09509803921568627 97 255 158
-0.5625 0.1875 0.08725490196078434 89 255 166
-0.5625 0.21875 0.06960784313725488 71 255 184
-0.5625 0.25 0.04999999999999999 51 255 204
-0.5625 0.28125 0.022549019607843113 23 255 232
-0.5625 0.3125 -0.004901960784313736 0 250 255
-0.5625 0.34375 -0.03431372549019607 0 220 255
-0.5625 0.375 -0.05980392156862746 0 194 255
-0.5625 0.40625 -0.08333333333333334 0 170 255
-0.5625 0.4375 -0.10098039215686275 0 152 255
-0.5625 0.46875 -0.11274509803921567 0 140 255
-0.5625 0.5 -0.11666666666666667 0 136 255
-0.5625 0.53125 -0.11274509803921567 0 140 255
-0.5625 0.5625 -0.10098039215686275 0 152 255
-0.5625 0.59375 -0.08333333333333334 0 170 255
-0.5625 0.625 -0.05980392156862746 0 194 255
-0.5625 0.65625 -0.03431372549019607 0 220 255
-0.5625 0.6875 -0.004901960784313736 0 250 255
-0.5625 0.71875 0.022549019607843113 23 255 232
-0.5625 0.75 0.04999999999999999 51 255 204
-0.5625 0.78125 0.06960784313725488 71 255 184
-0.5625 0.8125 0.08725490196078434 89 255 166
-0.5625 0.84375 0.09509803921568627 97 255 158
-0.5625 0.875 0.09705882352941175 99 255 156
-0.5625 0.90625 0.09313725490196079 95 255 160
-0.5625 0.9375 0.08333333333333331 85 255 170
-0.5625 0.96875 0.0676470588235294 69 255 186
-0.5625 1 0.048039215686274506 49 255 206
-0.53125 -1 0.02450980392156865 25 255 230
-0.53125 -0.96875 0.012745098039215697 13 255 242
-0.53125 -0.9375 0.002941176470588225 3 255 252
-0.53125 -0.90625 -0.006862745098039219 0 248 255
-0.53125 -0.875 -0.016666666666666663 0 238 255
-0.53125 -0.84375 -0.02254901960784314 0 232 255
-0.53125 -0.8125 -0.026470588235294107 0 228 255
-0.53125 -0.78125 -0.026470588235294107 0 228 255
-0.53125 -0.75 -0.026470588235294107 0 228 255
-0.53125 -0.71875 -0.02254901960784314 0 232 255
-0.53125 -0.6875 -0.016666666666666663 0 238 255
-0.53125 -0.65625 -0.010784313725490186 0 244 255
-0.53125 -0.625 -0.002941176470588225 0 252 255
-0.53125 -0.59375 0.002941176470588225 3 255 252
-0.53125 -0.5625 0.006862745098039191 7 255 248
-0.53125 -0.53125 0.010784313725490213 11 255 244
-0.53125 -0.5 0.012745098039215697 13 255 242
-0.53125 -0.46875 0.010784313725490213 11 255 244
-0.53125 -0.4375 0.006862745098039191 7 255 248
-0.53125 -0.40625 0.002941176470588225 3 255 252
-0.53125 -0.375 -0.002941176470588225 0 252 255
-0.53125 -0.34375 -0.010784313725490186 0 244 255
-0.53125 -0.3125 -0.016666666666666663 0 238 255
-0.53125 -0.28125 -0.02254901960784314 0 232 255
-0.53125 -0.25 -0.026470588235294107 0 228 255
-0.53125 -0.21875 -0.026470588235294107 0 228 255
-0.53125 -0.1875 -0.026470588235294107 0 228 255
-0.53125 -0.15625 -0.02254901960784314 0 232 255
-0.53125 -0.125 -0.016666666666666663 0 238 255
-0.53125 -0.09375 -0.006862745098039219 0 248 255
-0.53125 -0.0625 0.002941176470588225 3 255 252
-0.53125 -0.03125 0.012745098039215697 13 255 242
-0.53125 0 0.02450980392156865 25 255 230
-0.53125 0.03125 0.03431372549019607 35 255 220
-0.53125 0.0625 0.042156862745098056 43 255 212
-0.53125 0.09375 0.048039215686274506 49 255 206
-0.53125 0.125 0.04999999999999999 51 255 204
-0.53125 0.15625 0.04999999999999999 51 255 204
-0.53125 0.1875 0.04411764705882354 45 255 210
-0.53125 0.21875 0.03627450980392155 37 255 218
-0.53125 0.25 0.026470588235294135 27 255 228
-0.53125 0.28125 0.012745098039215697 13 255 242
-0.53125 0.3125 -0.002941176470588225 0 252 255
-0.53125 0.34375 -0.016666666666666663 0 238 255
-0.53125 0.375 -0.0303921568627451 0 224 255
-0.53125 0.40625 -0.04411764705882354 0 210 255
-0.53125 0.4375 -0.0519607843137255 0 202 255
-0.53125 0.46875 -0.05784313725490195 0 196 255
-0.53125 0.5 -0.05980392156862746 0 194 255
-0.53125 0.53125 -0.05784313725490195 0 196 255
-0.53125 0.5625 -0.0519607843137255 0 202 255
-0.53125 0.59375 -0.04411764705882354 0 210 255
-0.53125 0.625 -0.0303921568627451 0 224 255
-0.53125 0.65625 -0.016666666666666663 0 238 255
-0.53125 0.6875 -0.002941176470588225 0 252 255
-0.53125 0.71875 0.012745098039215697 13 255 242
-0.53125 0.75 0.026470588235294135 27 255 228
-0.53125 0.78125 0.03627450980392155 37 255 218
-0.53125 0.8125 0.04411764705882354 45 255 210
-0.53125 0.84375 0.04999999999999999 51 255 204
-0.53125 0.875 0.04999999999999999 51 255 204
-0.53125 0.90625 0.048039215686274506 49 255 206
-0.53125 0.9375 0.042156862745098056 43 255 212
-0.53125 0.96875 0.03431372549019607 35 255 220
-0.53125 1 0.02450980392156865 25 255 230
-0.5 -1 0.0009803921568627416 1 255 254
-0.5 -0.96875 0.0009803921568627416 1 255 254
-0.5 -0.9375 0.0009803921568627416 1 255 254
-0.5 -0.90625 -0.0009803921568627416 0 254 255
-0.5 -0.875 -0.0009803921568627416 0 254 255
-0.5 -0.84375 -0.0009803921568627416 0 254 255
-0.5 -0.8125 -0.0009803921568627416 0 254 255
-0.5 -0.78125 -0.0009803921568627416 0 254 255
-0.5 -0.75 -0.0009803921568627416 0 254 255
-0.5 -0.71875 0.0009803921568627416 1 255 254
-0.5 -0.6875 0.0009803921568627416 1 255 254
-0.5 -0.65625 0.0009803921568627416 1 255 254
-0.5 -0.625 0.0009803921568627416 1 255 254
-0.5 -0.59375 0.0009803921568627416 1 255 254
-0.5 -0.5625 0.0009803921568627416 1 255 254
-0.5 -0.53125 0.0009803921568627416 1 255 254
-0.5 -0.5 0.0009803921568627416 1 255 254
-0.5 -0.46875 0.0009803921568627416 1 255 254
-0.5 -0.4375 0.0009803921568627416 1 255 254
-0.5 -0.40625 0.0009803921568627416 1 255 254
-0.5 -0.375 0.0009803921568627416 1 255 254
-0.5 -0.34375 0.0009803921568627416 1 255 254
-0.5 -0.3125 0.0009803921568627416 1 255 254
-0.5 -0.28125 0.0009803921568627416 1 255 254
-0.5 -0.25 -0.0009803921568627416 0 254 255
-0.5 -0.21875 -0.0009803921568627416 0 254 255
-0.5 -0.1875 -0.0009803921568627416 0 254 255
-0.5 -0.15625 -0.0009803921568627416 0 254 255
-0.5 -0.125 -0.0009803921568627416 0 254 255
-0.5 -0.09375 -0.0009803921568627416 0 254 255
-0.5 -0.0625 0.0009803921568627416 1 255 254
-0.5 -0.03125 0.0009803921568627416 1 255 254
-0.5 0 0.0009803921568627416 1 255 254
-0.5 0.03125 0.0009803921568627416 1 255 254
-0.5 0.0625 0.0009803921568627416 1 255 254
-0.5 0.09375 0.0009803921568627416 1 255 254
-0.5 0.125 0.0009803921568627416 1 255 254
-0.5 0.15625 0.0009803921568627416 1 255 254
-0.5 0.1875 0.0009803921568627416 1 255 254
-0.5 0.21875 0.0009803921568627416 1 255 254
-0.5 0.25 0.0009803921568627416 1 255 254
-0.5 0.28125 0.0009803921568627416 1 255 254
-0.5 0.3125 0.0009803921568627416 1 255 254
-0.5 0.34375 0.0009803921568627416 1 255 254
-0.5 0.375 0.0009803921568627416 1 255 254
-0.5 0.40625 -0.0009803921568627416 0 254 255
-0.5 0.4375 -0.0009803921568627416 0 254 255
-0.5 0.46875 -0.0009803921568627416 0 254 255
-0.5 0.5 -0.0009803921568627416 0 254 255
-0.5 0.53125 -0.0009803921568627416 0 254 255
-0.5 0.5625 -0.0009803921568627416 0 254 255
-0.5 0.59375 -0.0009803921568627416 0 254 255
-0.5 0.625 0.0009803921568627416 1 255 254
-0.5 0.65625 0.0009803921568627416 1 255 254
-0.5 0.6875 0.0009803921568627416 1 255 254
-0.5 0.71875 0.0009803921568627416 1 255 254
-0.5 0.75 0.0009803921568627416 1 255 254
-0.5 0.78125 0.0009803921568627416 1 255 254
-0.5 0.8125 0.0009803921568627416 1 255 254
-0.5 0.84375 0.0009803921568627416 1 255 254
-0.5 0.875 0.0009803921568627416 1 255 254
-0.5 0.90625 0.0009803921568627416 1 255 254
-0.5 0.9375 0.0009803921568627416 1 255 254
-0.5 0.96875 0.0009803921568627416 1 255 254
-0.5 1 0.0009803921568627416 1 255 254
-0.46875 -1 -0.024509803921568624 0 230 255
-0.46875 -0.96875 -0.012745098039215697 0 242 255
-0.46875 -0.9375 -0.002941176470588225 0 252 255
-0.46875 -0.90625 0.006862745098039191 7 255 248
-0.46875 -0.875 0.016666666666666663 17 255 238
-0.46875 -0.84375 0.022549019607843113 23 255 232
-0.46875 -0.8125 0.026470588235294135 27 255 228
-0.46875 -0.78125 0.026470588235294135 27 255 228
-0.46875 -0.75 0.026470588235294135 27 255 228
-0.46875 -0.71875 0.022549019607843113 23 255 232
-0.46875 -0.6875 0.016666666666666663 17 255 238
-0.46875 -0.65625 0.010784313725490213 11 255 244
-0.46875 -0.625 0.002941176470588225 3 255 252
-0.46875 -0.59375 -0.002941176470588225 0 252 255
-0.46875 -0.5625 -0.006862745098039219 0 248 255
-0.46875 -0.53125 -0.010784313725490186 0 244 255
-0.46875 -0.5 -0.012745098039215697 0 242 255
-0.46875 -0.46875 -0.010784313725490186 0 244 255
-0.46875 -0.4375 -0.006862745098039219 0 248 255
-0.46875 -0.40625 -0.002941176470588225 0 252 255
-0.46875 -0.375 0.002941176470588225 3 255 252
-0.46875 -0.34375 0.010784313725490213 11 255 244
-0.46875 -0.3125 0.016666666666666663 17 255 238
-0.46875 -0.28125 0.022549019607843113 23 255 232
-0.46875 -0.25 0.026470588235294135 27 255 228
-0.46875 -0.21875 0.026470588235294135 27 255 228
-0.46875 -0.1875 0.026470588235294135 27 255 228
-0.46875 -0.15625 0.022549019607843113 23 255 232
-0.46875 -0.125 0.016666666666666663 17 255 238
-0.46875 -0.09375 0.006862745098039191 7 255 248
-0.46875 -0.0625 -0.002941176470588225 0 252 255
-0.46875 -0.03125 -0.012745098039215697 0 242 255
-0.46875 0 -0.024509803921568624 0 230 255
-0.46875 0.03125 -0.03431372549019607 0 220 255
-0.46875 0.0625 -0.04215686274509803 0 212 255
-0.46875 0.09375 -0.048039215686274506 0 206 255
-0.46875 0.125 -0.04999999999999999 0 204 255
-0.46875 0.15625 -0.04999999999999999 0 204 255
-0.46875 0.1875 -0.04411764705882354 0 210 255
-0.46875 0.21875 -0.03627450980392158 0 218 255
-0.46875 0.25 -0.026470588235294107 0 228 255
-0.46875 0.28125 -0.012745098039215697 0 242 255
-0.46875 0.3125 0.002941176470588225 3 255 252
-0.46875 0.34375 0.016666666666666663 17 255 238
-0.46875 0.375 0.0303921568627451 31 255 224
-0.46875 0.40625 0.04411764705882354 45 255 210
-0.46875 0.4375 0.05196078431372547 53 255 202
-0.46875 0.46875 0.05784313725490198 59 255 196
-0.46875 0.5 0.05980392156862746 61 255 194
-0.46875 0.53125 0.05784313725490198 59 255 196
-0.46875 0.5625 0.05196078431372547 53 255 202
-0.46875 0.59375 0.04411764705882354 45 255 210
-0.46875 0.625 0.0303921568627451 31 255 224
-0.46875 0.65625 0.016666666666666663 17 255 238
-0.46875 0.6875 0.002941176470588225 3 255 252
-0.46875 0.71875 -0.012745098039215697 0 242 255
-0.46875 0.75 -0.026470588235294107 0 228 255
-0.46875 0.78125 -0.03627450980392158 0 218 255
-0.46875 0.8125 -0.04411764705882354 0 210 255
-0.46875 0.84375 -0.04999999999999999 0 204 255
-0.46875 0.875 -0.04999999999999999 0 204 255
-0.46875 0.90625 -0.048039215686274506 0 206 255
-0.46875 0.9375 -0.04215686274509803 0 212 255
-0.46875 0.96875 -0.03431372549019607 0 220 255
-0.46875 1 -0.024509803921568624 0 230 255
-0.4375 -1 -0.048039215686274506 0 206 255
-0.4375 -0.96875 -0.026470588235294107 0 228 255
-0.4375 -0.9375 -0.004901960784313736 0 250 255
-0.4375 -0.90625 0.01470588235294118 15 255 240
-0.4375 -0.875 0.0303921568627451 31 255 224
-0.4375 -0.84375 0.042156862745098056 43 255 212
-0.4375 -0.8125 0.04999999999999999 51 255 204
-0.4375 -0.78125 0.05196078431372547 53 255 202
-0.4375 -0.75 0.04999999999999999 51 255 204
-0.4375 -0.71875 0.042156862745098056 43 255 212
-0.4375 -0.6875 0.032352941176470584 33 255 222
-0.4375 -0.65625 0.02058823529411763 21 255 234
-0.4375 -0.625 0.006862745098039191 7 255 248
-0.4375 -0.59375 -0.004901960784313736 0 250 255
-0.4375 -0.5625 -0.012745098039215697 0 242 255
-0.4375 -0.53125 -0.018627450980392146 0 236 255
-0.4375 -0.5 -0.02254901960784314 0 232 255
-0.4375 -0.46875 -0.018627450980392146 0 236 255
-0.4375 -0.4375 -0.012745098039215697 0 242 255
-0.4375 -0.40625 -0.004901960784313736 0 250 255
-0.4375 -0.375 0.006862745098039191 7 255 248
-0.4375 -0.34375 0.02058823529411763 21 255 234
-0.4375 -0.3125 0.032352941176470584 33 255 222
-0.4375 -0.28125 0.042156862745098056 43 255 212
-0.4375 -0.25 0.04999999999999999 51 255 204
-0.4375 -0.21875 0.05196078431372547 53 255 202
-0.4375 -0.1875 0.04999999999999999 51 255 204
-0.4375 -0.15625 0.042156862745098056 43 255 212
-0.4375 -0.125 0.0303921568627451 31 255 224
-0.4375 -0.09375 0.01470588235294118 15 255 240
-0.4375 -0.0625 -0.004901960784313736 0 250 255
-0.4375 -0.03125 -0.026470588235294107 0 228 255
-0.4375 0 -0.048039215686274506 0 206 255
-0.4375 0.03125 -0.06764705882352942 0 186 255
-0.4375 0.0625 -0.08333333333333334 0 170 255
-0.4375 0.09375 -0.09313725490196079 0 160 255
-0.4375 0.125 -0.09705882352941175 0 156 255
-0.4375 0.15625 -0.09509803921568627 0 158 255
-0.4375 0.1875 -0.08725490196078431 0 166 255
-0.4375 0.21875 -0.0696078431372549 0 184 255
-0.4375 0.25 -0.04999999999999999 0 204 255
-0.4375 0.28125 -0.02254901960784314 0 232 255
-0.4375 0.3125 0.004901960784313708 5 255 250
-0.4375 0.34375 0.03431372549019607 35 255 220
-0.4375 0.375 0.05980392156862746 61 255 194
-0.4375 0.40625 0.08333333333333331 85 255 170
-0.4375 0.4375 0.10098039215686272 103 255 152
-0.4375 0.46875 0.11274509803921567 115 255 140
-0.4375 0.5 0.11666666666666664 119 255 136
-0.4375 0.53125 0.11274509803921567 115 255 140
-0.4375 0.5625 0.10098039215686272 103 255 152
-0.4375 0.59375 0.08333333333333331 85 255 170
-0.4375 0.625 0.05980392156862746 61 255 194
-0.4375 0.65625 0.03431372549019607 35 255 220
-0.4375 0.6875 0.004901960784313708 5 255 250
-0.4375 0.71875 -0.02254901960784314 0 232 255
-0.4375 0.75 -0.04999999999999999 0 204 255
-0.4375 0.78125 -0.0696078431372549 0 184 255
-0.4375 0.8125 -0.08725490196078431 0 166 255
-0.4375 0.84375 -0.09509803921568627 0 158 255
-0.4375 0.875 -0.09705882352941175 0 156 255
-0.4375 0.90625 -0.09313725490196079 0 160 255
-0.4375 0.9375 -0.08333333333333334 0 170 255
-0.4375 0.96875 -0.06764705882352942 0 186 255
-0.4375 1 -0.048039215686274506 0 206 255
-0.40625 -1 -0.0696078431372549 0 184 255
-0.40625 -0.96875 -0.040196078431372545 0 214 255
-0.40625 -0.9375 -0.010784313725490186 0 244 255
-0.40625 -0.90625 0.016666666666666663 17 255 238
-0.40625 -0.875 0.04019607843137257 41 255 214
-0.40625 -0.84375 0.05784313725490198 59 255 196
-0.40625 -0.8125 0.0676470588235294 69 255 186
-0.40625 -0.78125 0.07156862745098042 73 255 182
-0.40625 -0.75 0.0676470588235294 69 255 186
-0.40625 -0.71875 0.05980392156862746 61 255 194
-0.40625 -0.6875 0.04607843137254902 47 255 208
-0.40625 -0.65625 0.028431372549019618 29 255 226
-0.40625 -0.625 0.012745098039215697 13 255 242
-0.40625 -0.59375 -0.002941176470588225 0 252 255
-0.40625 -0.5625 -0.016666666666666663 0 238 255
-0.40625 -0.53125 -0.024509803921568624 0 230 255
-0.40625 -0.5 -0.026470588235294107 0 228 255
-0.40625 -0.46875 -0.024509803921568624 0 230 255
-0.40625 -0.4375 -0.016666666666666663 0 238 255
-0.40625 -0.40625 -0.002941176470588225 0 252 255
-0.40625 -0.375 0.012745098039215697 13 255 242
-0.40625 -0.34375 0.028431372549019618 29 255 226
-0.40625 -0.3125 0.04607843137254902 47 255 208
-0.40625 -0.28125 0.05980392156862746 61 255 194
-0.40625 -0.25 0.0676470588235294 69 255 186
-0.40625 -0.21875 0.07156862745098042 73 255 182
-0.40625 -0.1875 0.0676470588235294 69 255 186
-0.40625 -0.15625 0.05784313725490198 59 255 196
-0.40625 -0.125 0.04019607843137257 41 255 214
-0.40625 -0.09375 0.016666666666666663 17 255 238
-0.40625 -0.0625 -0.010784313725490186 0 244 255
-0.40625 -0.03125 -0.040196078431372545 0 214 255
-0.40625 0 -0.0696078431372549 0 184 255
-0.40625 0.03125 -0.09705882352941175 0 156 255
-0.40625 0.0625 -0.11862745098039215 0 134 255
-0.40625 0.09375 -0.1323529411764706 0 120 255
-0.40625 0.125 -0.13823529411764707 0 114 255
-0.40625 0.15625 -0.13431372549019607 0 118 255
-0.40625 0.1875 -0.12058823529411763 0 132 255
-0.40625 0.21875 -0.09901960784313726 0 154 255
-0.40625 0.25 -0.06764705882352942 0 186 255
-0.40625 0.28125 -0.032352941176470584 0 222 255
-0.40625 0.3125 0.006862745098039191 7 255 248
-0.40625 0.34375 0.048039215686274506 49 255 206
-0.40625 0.375 0.0852941176470588 87 255 168
-0.40625 0.40625 0.11862745098039218 121 255 134
-0.40625 0.4375 0.14411764705882352 147 255 108
-0.40625 0.46875 0.15980392156862744 163 255 92
-0.40625 0.5 0.16568627450980394 169 255 86
-0.40625 0.53125 0.15980392156862744 163 255 92
-0.40625 0.5625 0.14411764705882352 147 255 108
-0.40625 0.59375 0.11862745098039218 121 255 134
-0.40625 0.625 0.0852941176470588 87 255 168
-0.40625 0.65625 0.048039215686274506 49 255 206
-0.40625 0.6875 0.006862745098039191 7 255 248
-0.40625 0.71875 -0.032352941176470584 0 222 255
-0.40625 0.75 -0.06764705882352942 0 186 255
-0.40625 0.78125 -0.09901960784313726 0 154 255
-0.40625 0.8125 -0.12058823529411763 0 132 255
-0.40625 0.84375 -0.13431372549019607 0 118 255
-0.40625 0.875 -0.13823529411764707 0 114 255
-0.40625 0.90625 -0.1323529411764706 0 120 255
-0.40625 0.9375 -0.11862745098039215 0 134 255
-0.40625 0.96875 -0.09705882352941175 0 156 255
-0.40625 1 -0.0696078431372549 0 184 255
-0.375 -1 -0.08921568627450979 0 164 255
-0.375 -0.96875 -0.05392156862745098 0 200 255
-0.375 -0.9375 -0.016666666666666663 0 238 255
-0.375 -0.90625 0.016666666666666663 17 255 238
-0.375 -0.875 0.04411764705882354 45 255 210
-0.375 -0.84375 0.06568627450980391 67 255 188
-0.375 -0.8125 0.07941176470588235 81 255 174
-0.375 -0.78125 0.0852941176470588 87 255 168
-0.375 -0.75 0.08137254901960783 83 255 172
-0.375 -0.71875 0.07156862745098042 73 255 182
-0.375 -0.6875 0.055882352941176494 57 255 198
-0.375 -0.65625 0.038235294117647034 39 255 216
-0.375 -0.625 0.018627450980392146 19 255 236
-0.375 -0.59375 0.0009803921568627416 1 255 254
-0.375 -0.5625 -0.01470588235294118 0 240 255
-0.375 -0.53125 -0.024509803921568624 0 230 255
-0.375 -0.5 -0.026470588235294107 0 228 255
-0.375 -0.46875 -0.024509803921568624 0 230 255
-0.375 -0.4375 -0.01470588235294118 0 240 255
-0.375 -0.40625 0.0009803921568627416 1 255 254
-0.375 -0.375 0.018627450980392146 19 255 236
-0.375 -0.34375 0.038235294117647034 39 255 216
-0.375 -0.3125 0.055882352941176494 57 255 198
-0.375 -0.28125 0.07156862745098042 73 255 182
-0.375 -0.25 0.08137254901960783 83 255 172
-0.375 -0.21875 0.0852941176470588 87 255 168
-0.375 -0.1875 0.07941176470588235 81 255 174
-0.375 -0.15625 0.06568627450980391 67 255 188
-0.375 -0.125 0.04411764705882354 45 255 210
-0.375 -0.09375 0.016666666666666663 17 255 238
-0.375 -0.0625 -0.016666666666666663 0 238 255
-0.375 -0.03125 -0.05392156862745098 0 200 255
-0.375 0 -0.08921568627450979 0 164 255
-0.375 0.03125 -0.12058823529411763 0 132 255
-0.375 0.0625 -0.146078431372549 0 106 255
-0.375 0.09375 -0.16372549019607843 0 88 255
-0.375 0.125 -0.1696078431372549 0 82 255
-0.375 0.15625 -0.16372549019607843 0 88 255
-0.375 0.1875 -0.1480392156862745 0 104 255
-0.375 0.21875 -0.11862745098039215 0 134 255
-0.375 0.25 -0.08137254901960783 0 172 255
-0.375 0.28125 -0.03627450980392158 0 218 255
-0.375 0.3125 0.010784313725490213 11 255 244
-0.375 0.34375 0.05980392156862746 61 255 194
-0.375 0.375 0.10686274509803922 109 255 146
-0.375 0.40625 0.146078431372549 149 255 106
-0.375 0.4375 0.17745098039215684 181 255 74
-0.375 0.46875 0.1970588235294118 201 255 54
-0.375 0.5 0.20294117647058824 207 255 48
-0.375 0.53125 0.1970588235294118 201 255 54
-0.375 0.5625 0.17745098039215684 181 255 74
-0.375 0.59375 0.146078431372549 149 255 106
-0.375 0.625 0.10686274509803922 109 255 146
-0.375 0.65625 0.05980392156862746 61 255 194
-0.375 0.6875 0.010784313725490213 11 255 244
-0.375 0.71875 -0.03627450980392158 0 218 255
-0.375 0.75 -0.08137254901960783 0 172 255
-0.375 0.78125 -0.11862745098039215 0 134 255
-0.375 0.8125 -0.1480392156862745 0 104 255
-0.375 0.84375 -0.16372549019607843 0 88 255
-0.375 0.875 -0.1696078431372549 0 82 255
-0.375 0.90625 -0.16372549019607843 0 88 255
-0.375 0.9375 -0.146078431372549 0 106 255
-0.375 0.96875 -0.12058823529411763 0 132 255
-0.375 1 -0.08921568627450979 0 164 255
-0.34375 -1 -0.10490196078431371 0 148 255
-0.34375 -0.96875 -0.06568627450980391 0 188 255
-0.34375 -0.9375 -0.026470588235294107 0 228 255
-0.34375 -0.90625 0.00882352941176473 9 255 246
-0.34375 -0.875 0.042156862745098056 43 255 212
-0.34375 -0.84375 0.06568627450980391 67 255 188
-0.34375 -0.8125 0.08137254901960783 83 255 172
-0.34375 -0.78125 0.08921568627450982 91 255 164
-0.34375 -0.75 0.08725490196078434 89 255 166
-0.34375 -0.71875 0.07941176470588235 81 255 174
-0.34375 -0.6875 0.06372549019607843 65 255 190
-0.34375 -0.65625 0.04607843137254902 47 255 208
-0.34375 -0.625 0.026470588235294135 27 255 228
-0.34375 -0.59375 0.006862745098039191 7 255 248
-0.34375 -0.5625 -0.006862745098039219 0 248 255
-0.34375 -0.53125 -0.016666666666666663 0 238 255
-0.34375 -0.5 -0.020588235294117657 0 234 255
-0.34375 -0.46875 -0.016666666666666663 0 238 255
-0.34375 -0.4375 -0.006862745098039219 0 248 255
-0.34375 -0.40625 0.006862745098039191 7 255 248
-0.34375 -0.375 0.026470588235294135 27 255 228
-0.34375 -0.34375 0.04607843137254902 47 255 208
-0.34375 -0.3125 0.06372549019607843 65 255 190
-0.34375 -0.28125 0.07941176470588235 81 255 174
-0.34375 -0.25 0.08725490196078434 89 255 166
-0.34375 -0.21875 0.08921568627450982 91 255 164
-0.34375 -0.1875 0.08137254901960783 83 255 172
-0.34375 -0.15625 0.06568627450980391 67 255 188
-0.34375 -0.125 0.042156862745098056 43 255 212
-0.34375 -0.09375 0.00882352941176473 9 255 246
-0.34375 -0.0625 -0.026470588235294107 0 228 255
-0.34375 -0.03125 -0.06568627450980391 0 188 255
-0.34375 0 -0.10490196078431371 0 148 255
-0.34375 0.03125 -0.13823529411764707 0 114 255
-0.34375 0.0625 -0.16568627450980392 0 86 255
-0.34375 0.09375 -0.18333333333333335 0 68 255
-0.34375 0.125 -0.1892156862745098 0 62 255
-0.34375 0.15625 -0.18137254901960784 0 70 255
-0.34375 0.1875 -0.16176470588235292 0 90 255
-0.34375 0.21875 -0.13039215686274508 0 122 255
-0.34375 0.25 -0.08725490196078431 0 166 255
-0.34375 0.28125 -0.03823529411764706 0 216 255
-0.34375 0.3125 0.01470588235294118 15 255 240
-0.34375 0.34375 0.06960784313725488 71 255 184
-0.34375 0.375 0.12058823529411766 123 255 132
-0.34375 0.40625 0.16568627450980394 169 255 86
-0.34375 0.4375 0.19901960784313727 203 255 52
-0.34375 0.46875 0.22058823529411764 225 255 30
-0.34375 0.5 0.22843137254901963 233 255 22
-0.34375 0.53125 0.22058823529411764 225 255 30
-0.34375 0.5625 0.19901960784313727 203 255 52
-0.34375 0.59375 0.16568627450980394 169 255 86
-0.34375 0.625 0.12058823529411766 123 255 132
-0.34375 0.65625 0.06960784313725488 71 255 184
-0.34375 0.6875 0.01470588235294118 15 255 240
-0.34375 0.71875 -0.03823529411764706 0 216 255
-0.34375 0.75 -0.08725490196078431 0 166 255
-0.34375 0.78125 -0.13039215686274508 0 122 255
-0.34375 0.8125 -0.16176470588235292 0 90 255
-0.34375 0.84375 -0.18137254901960784 0 70 255
-0.34375 0.875 -0.1892156862745098 0 62 255
-0.34375 0.90625 -0.18333333333333335 0 68 255
-0.34375 0.9375 -0.16568627450980392 0 86 255
-0.34375 0.96875 -0.13823529411764707 0 114 255
-0.34375 1 -0.10490196078431371 0 148 255
-0.3125 -1 -0.11470588235294119 0 138 255
-0.3125 -0.96875 -0.07745098039215687 0 176 255
-0.3125 -0.9375 -0.03823529411764706 0 216 255
-0.3125 -0.90625 -0.0009803921568627416 0 254 255
-0.3125 -0.875 0.032352941176470584 33 255 222
-0.3125 -0.84375 0.05784313725490198 59 255 196
-0.3125 -0.8125 0.07549019607843138 77 255 178
-0.3125 -0.78125 0.0852941176470588 87 255 168
-0.3125 -0.75 0.08725490196078434 89 255 166
-0.3125 -0.71875 0.07941176470588235 81 255 174
-0.3125 -0.6875 0.0676470588235294 69 255 186
-0.3125 -0.65625 0.05196078431372547 53 255 202
-0.3125 -0.625 0.03431372549019607 35 255 220
-0.3125 -0.59375 0.018627450980392146 19 255 236
-0.3125 -0.5625 0.004901960784313708 5 255 250
-0.3125 -0.53125 -0.004901960784313736 0 250 255
-0.3125 -0.5 -0.006862745098039219 0 248 255
-0.3125 -0.46875 -0.004901960784313736 0 250 255
-0.3125 -0.4375 0.004901960784313708 5 255 250
-0.3125 -0.40625 0.018627450980392146 19 255 236
-0.3125 -0.375 0.03431372549019607 35 255 220
-0.3125 -0.34375 0.05196078431372547 53 255 202
-0.3125 -0.3125 0.0676470588235294 69 255 186
-0.3125 -0.28125 0.07941176470588235 81 255 174
-0.3125 -0.25 0.08725490196078434 89 255 166
-0.3125 -0.21875 0.0852941176470588 87 255 168
-0.3125 -0.1875 0.07549019607843138 77 255 178
-0.3125 -0.15625 0.05784313725490198 59 255 196
-0.3125 -0.125 0.032352941176470584 33 255 222
-0.3125 -0.09375 -0.0009803921568627416 0 254 255
-0.3125 -0.0625 -0.03823529411764706 0 216 255
-0.3125 -0.03125 -0.07745098039215687 0 176 255
-0.3125 0 -0.11470588235294119 0 138 255
-0.3125 0.03125 -0.1480392156862745 0 104 255
-0.3125 0.0625 -0.17549019607843136 0 76 255
-0.3125 0.09375 -0.19117647058823528 0 60 255
-0.3125 0.125 -0.19509803921568628 0 56 255
-0.3125 0.15625 -0.18529411764705883 0 66 255
-0.3125 0.1875 -0.16372549019607843 0 88 255
-0.3125 0.21875 -0.13039215686274508 0 122 255
-0.3125 0.25 -0.08725490196078431 0 166 255
-0.3125 0.28125 -0.03431372549019607 0 220 255
-0.3125 0.3125 0.02058823529411763 21 255 234
-0.3125 0.34375 0.07549019607843138 77 255 178
-0.3125 0.375 0.1284313725490196 131 255 124
-0.3125 0.40625 0.17352941176470588 177 255 78
-0.3125 0.4375 0.20882352941176469 213 255 42
-0.3125 0.46875 0.2303921568627451 235 255 20
-0.3125 0.5 0.23823529411764705 243 255 12
-0.3125 0.53125 0.2303921568627451 235 255 20
-0.3125 0.5625 0.20882352941176469 213 255 42
-0.3125 0.59375 0.17352941176470588 177 255 78
-0.3125 0.625 0.1284313725490196 131 255 124
-0.3125 0.65625 0.07549019607843138 77 255 178
-0.3125 0.6875 0.02058823529411763 21 255 234
-0.3125 0.71875 -0.03431372549019607 0 220 255
-0.3125 0.75 -0.08725490196078431 0 166 255
-0.3125 0.78125 -0.13039215686274508 0 122 255
-0.3125 0.8125 -0.16372549019607843 0 88 255
-0.3125 0.84375 -0.18529411764705883 0 66 255
-0.3125 0.875 -0.19509803921568628 0 56 255
-0.3125 0.90625 -0.19117647058823528 0 60 255
-0.3125 0.9375 -0.17549019607843136 0 76 255
-0.3125 0.96875 -0.1480392156862745 0 104 255
-0.3125 1 -0.11470588235294119 0 138 255
-0.28125 -1 -0.12254901960784315 0 130 255
-0.28125 -0.96875 -0.08921568627450979 0 164 255
-0.28125 -0.9375 -0.0519607843137255 0 202 255
-0.28125 -0.90625 -0.016666666666666663 0 238 255
-0.28125 -0.875 0.01470588235294118 15 255 240
-0.28125 -0.84375 0.042156862745098056 43 255 212
-0.28125 -0.8125 0.061764705882352944 63 255 192
-0.28125 -0.78125 0.0735294117647059 75 255 180
-0.28125 -0.75 0.07745098039215687 79 255 176
-0.28125 -0.71875 0.07549019607843138 77 255 178
-0.28125 -0.6875 0.0676470588235294 69 255 186
-0.28125 -0.65625 0.05784313725490198 59 255 196
-0.28125 -0.625 0.04411764705882354 45 255 210
-0.28125 -0.59375 0.032352941176470584 33 255 222
-0.28125 -0.5625 0.022549019607843113 23 255 232
-0.28125 -0.53125 0.01470588235294118 15 255 240
-0.28125 -0.5 0.012745098039215697 13 255 242
-0.28125 -0.46875 0.01470588235294118 15 255 240
-0.28125 -0.4375 0.022549019607843113 23 255 232
-0.28125 -0.40625 0.032352941176470584 33 255 222
-0.28125 -0.375 0.04411764705882354 45 255 210
-0.28125 -0.34375 0.05784313725490198 59 255 196
-0.28125 -0.3125 0.0676470588235294 69 255 186
-0.28125 -0.28125 0.07549019607843138 77 255 178
-0.28125 -0.25 0.07745098039215687 79 255 176
-0.28125 -0.21875 0.0735294117647059 75 255 180
-0.28125 -0.1875 0.061764705882352944 63 255 192
-0.28125 -0.15625 0.042156862745098056 43 255 212
-0.28125 -0.125 0.01470588235294118 15 255 240
-0.28125 -0.09375 -0.016666666666666663 0 238 255
-0.28125 -0.0625 -0.0519607843137255 0 202 255
-0.28125 -0.03125 -0.08921568627450979 0 164 255
-0.28125 0 -0.12254901960784315 0 130 255
-0.28125 0.03125 -0.1519607843137255 0 100 255
-0.28125 0.0625 -0.17549019607843136 0 76 255
-0.28125 0.09375 -0.18725490196078431 0 64 255
-0.28125 0.125 -0.1892156862745098 0 62 255
-0.28125 0.15625 -0.17745098039215684 0 74 255
-0.28125 0.1875 -0.15588235294117647 0 96 255
-0.28125 0.21875 -0.12058823529411763 0 132 255
-0.28125 0.25 -0.07745098039215687 0 176 255
-0.28125 0.28125 -0.028431372549019618 0 226 255
-0.28125 0.3125 0.02450980392156865 25 255 230
-0.28125 0.34375 0.07941176470588235 81 255 174
-0.28125 0.375 0.1284313725490196 131 255 124
-0.28125 0.40625 0.1715686274509804 175 255 80
-0.28125 0.4375 0.20490196078431372 209 255 46
-0.28125 0.46875 0.2264705882352941 231 255 24
-0.28125 0.5 0.2323529411764706 237 255 18
-0.28125 0.53125 0.2264705882352941 231 255 24
-0.28125 0.5625 0.20490196078431372 209 255 46
-0.28125 0.59375 0.1715686274509804 175 255 80
-0.28125 0.625 0.1284313725490196 131 255 124
-0.28125 0.65625 0.07941176470588235 81 255 174
-0.28125 0.6875 0.02450980392156865 25 255 230
-0.28125 0.71875 -0.028431372549019618 0 226 255
-0.28125 0.75 -0.07745098039215687 0 176 255
-0.28125 0.78125 -0.12058823529411763 0 132 255
-0.28125 0.8125 -0.15588235294117647 0 96 255
-0.28125 0.84375 -0.17745098039215684 0 74 255
-0.28125 0.875 -0.1892156862745098 0 62 255
-0.28125 0.90625 -0.18725490196078431 0 64 255
-0.28125 0.9375 -0.17549019607843136 0 76 255
-0.28125 0.96875 -0.1519607843137255 0 100 255
-0.28125 1 -0.12254901960784315 0 130 255
-0.25 -1 -0.12450980392156863 0 128 255
-0.25 -0.96875 -0.09705882352941175 0 156 255
-0.25 -0.9375 -0.06568627450980391 0 188 255
-0.25 -0.90625 -0.03627450980392158 0 218 255
-0.25 -0.875 -0.006862745098039219 0 248 255
-0.25 -0.84375 0.018627450980392146 19 255 236
-0.25 -0.8125 0.038235294117647034 39 255 216
-0.25 -0.78125 0.053921568627450955 55 255 200
-0.25 -0.75 0.061764705882352944 63 255 192
-0.25 -0.71875 0.06568627450980391 67 255 188
-0.25 -0.6875 0.06568627450980391 67 255 188
-0.25 -0.65625 0.05980392156862746 61 255 194
-0.25 -0.625 0.053921568627450955 55 255 200
-0.25 -0.59375 0.048039215686274506 49 255 206
-0.25 -0.5625 0.042156862745098056 43 255 212
-0.25 -0.53125 0.038235294117647034 39 255 216
-0.25 -0.5 0.03627450980392155 37 255 218
-0.25 -0.46875 0.038235294117647034 39 255 216
-0.25 -0.4375 0.042156862745098056 43 255 212
-0.25 -0.40625 0.048039215686274506 49 255 206
-0.25 -0.375 0.053921568627450955 55 255 200
-0.25 -0.34375 0.05980392156862746 61 255 194
-0.25 -0.3125 0.06568627450980391 67 255 188
-0.25 -0.28125 0.06568627450980391 67 255 188
-0.25 -0.25 0.061764705882352944 63 255 192
-0.25 -0.21875 0.053921568627450955 55 255 200
-0.25 -0.1875 0.038235294117647034 39 255 216
-0.25 -0.15625 0.018627450980392146 19 255 236
-0.25 -0.125 -0.006862745098039219 0 248 255
-0.25 -0.09375 -0.03627450980392158 0 218 255
-0.25 -0.0625 -0.06568627450980391 0 188 255
-0.25 -0.03125 -0.09705882352941175 0 156 255
-0.25 0 -0.12450980392156863 0 128 255
-0.25 0.03125 -0.1480392156862745 0 104 255
-0.25 0.0625 -0.16372549019607843 0 88 255
-0.25 0.09375 -0.1715686274509804 0 80 255
-0.25 0.125 -0.1696078431372549 0 82 255
-0.25 0.15625 -0.15784313725490196 0 94 255
-0.25 0.1875 -0.13431372549019607 0 118 255
-0.25 0.21875 -0.10294117647058823 0 150 255
-0.25 0.25 -0.061764705882352944 0 192 255
-0.25 0.28125 -0.016666666666666663 0 238 255
-0.25 0.3125 0.0303921568627451 31 255 224
-0.25 0.34375 0.07745098039215687 79 255 176
-0.25 0.375 0.12254901960784315 125 255 130
-0.25 0.40625 0.15980392156862744 163 255 92
-0.25 0.4375 0.1892156862745098 193 255 62
-0.25 0.46875 0.2068627450980392 211 255 44
-0.25 0.5 0.2127450980392157 217 255 38
-0.25 0.53125 0.2068627450980392 211 255 44
-0.25 0.5625 0.1892156862745098 193 255 62
-0.25 0.59375 0.15980392156862744 163 255 92
-0.25 0.625 0.12254901960784315 125 255 130
-0.25 0.65625 0.07745098039215687 79 255 176
-0.25 0.6875 0.0303921568627451 31 255 224
-0.25 0.71875 -0.016666666666666663 0 238 255
-0.25 0.75 -0.061764705882352944 0 192 255
-0.25 0.78125 -0.10294117647058823 0 150 255
-0.25 0.8125 -0.13431372549019607 0 118 255
-0.25 0.84375 -0.15784313725490196 0 94 255
-0.25 0.875 -0.1696078431372549 0 82 255
-0.25 0.90625 -0.1715686274509804 0 80 255
-0.25 0.9375 -0.16372549019607843 0 88 255
-0.25 0.96875 -0.1480392156862745 0 104 255
-0.25 1 -0.12450980392156863 0 128 255
-0.21875 -1 -0.12254901960784315 0 130 255
-0.21875 -0.96875 -0.10294117647058823 0 150 255
-0.21875 -0.9375 -0.08137254901960783 0 172 255
-0.21875 -0.90625 -0.055882352941176466 0 198 255
-0.21875 -0.875 -0.032352941176470584 0 222 255
-0.21875 -0.84375 -0.008823529411764702 0 246 255
-0.21875 -0.8125 0.010784313725490213 11 255 244
-0.21875 -0.78125 0.028431372549019618 29 255 226
-0.21875 -0.75 0.042156862745098056 43 255 212
-0.21875 -0.71875 0.05196078431372547 53 255 202
-0.21875 -0.6875 0.05784313725490198 59 255 196
-0.21875 -0.65625 0.061764705882352944 63 255 192
-0.21875 -0.625 0.06372549019607843 65 255 190
-0.21875 -0.59375 0.06372549019607843 65 255 190
-0.21875 -0.5625 0.06372549019607843 65 255 190
-0.21875 -0.53125 0.06372549019607843 65 255 190
-0.21875 -0.5 0.06372549019607843 65 255 190
-0.21875 -0.46875 0.06372549019607843 65 255 190
-0.21875 -0.4375 0.06372549019607843 65 255 190
-0.21875 -0.40625 0.06372549019607843 65 255 190
-0.21875 -0.375 0.06372549019607843 65 255 190
-0.21875 -0.34375 0.061764705882352944 63 255 192
-0.21875 -0.3125 0.05784313725490198 59 255 196
-0.21875 -0.28125 0.05196078431372547 53 255 202
-0.21875 -0.25 0.042156862745098056 43 255 212
-0.21875 -0.21875 0.028431372549019618 29 255 226
-0.21875 -0.1875 0.010784313725490213 11 255 244
-0.21875 -0.15625 -0.008823529411764702 0 246 255
-0.21875 -0.125 -0.032352941176470584 0 222 255
-0.21875 -0.09375 -0.055882352941176466 0 198 255
-0.21875 -0.0625 -0.08137254901960783 0 172 255
-0.21875 -0.03125 -0.10294117647058823 0 150 255
-0.21875 0 -0.12254901960784315 0 130 255
-0.21875 0.03125 -0.13823529411764707 0 114 255
-0.21875 0.0625 -0.146078431372549 0 106 255
-0.21875 0.09375 -0.1480392156862745 0 104 255
-0.21875 0.125 -0.14019607843137255 0 112 255
-0.21875 0.15625 -0.1264705882352941 0 126 255
-0.21875 0.1875 -0.10490196078431371 0 148 255
-0.21875 0.21875 -0.07549019607843138 0 178 255
-0.21875 0.25 -0.04215686274509803 0 212 255
-0.21875 0.28125 -0.002941176470588225 0 252 255
-0.21875 0.3125 0.03627450980392155 37 255 218
-0.21875 0.34375 0.0735294117647059 75 255 180
-0.21875 0.375 0.10882352941176471 111 255 144
-0.21875 0.40625 0.14019607843137255 143 255 112
-0.21875 0.4375 0.16176470588235292 165 255 90
-0.21875 0.46875 0.17745098039215684 181 255 74
-0.21875 0.5 0.18137254901960786 185 255 70
-0.21875 0.53125 0.17745098039215684 181 255 74
-0.21875 0.5625 0.16176470588235292 165 255 90
-0.21875 0.59375 0.14019607843137255 143 255 112
-0.21875 0.625 0.10882352941176471 111 255 144
-0.21875 0.65625 0.0735294117647059 75 255 180
-0.21875 0.6875 0.03627450980392155 37 255 218
-0.21875 0.71875 -0.002941176470588225 0 252 255
-0.21875 0.75 -0.04215686274509803 0 212 255
-0.21875 0.78125 -0.07549019607843138 0 178 255
-0.21875 0.8125 -0.10490196078431371 0 148 255
-0.21875 0.84375 -0.1264705882352941 0 126 255
-0.21875 0.875 -0.14019607843137255 0 112 255
-0.21875 0.90625 -0.1480392156862745 0 104 255
-0.21875 0.9375 -0.146078431372549 0 106 255
-0.21875 0.96875 -0.13823529411764707 0 114 255
-0.21875 1 -0.12254901960784315 0 130 255
-0.1875 -1 -0.11470588235294119 0 138 255
-0.1875 -0.96875 -0.10686274509803922 0 146 255
-0.1875 -0.9375 -0.09313725490196079 0 160 255
-0.1875 -0.90625 -0.07745098039215687 0 176 255
-0.1875 -0.875 -0.05980392156862746 0 194 255
-0.1875 -0.84375 -0.040196078431372545 0 214 255
-0.1875 -0.8125 -0.020588235294117657 0 234 255
-0.1875 -0.78125 -0.0009803921568627416 0 254 255
-0.1875 -0.75 0.016666666666666663 17 255 238
-0.1875 -0.71875 0.03431372549019607 35 255 220
-0.1875 -0.6875 0.048039215686274506 49 255 206
-0.1875 -0.65625 0.061764705882352944 63 255 192
-0.1875 -0.625 0.07156862745098042 73 255 182
-0.1875 -0.59375 0.08137254901960783 83 255 172
-0.1875 -0.5625 0.08725490196078434 89 255 166
-0.1875 -0.53125 0.08921568627450982 91 255 164
-0.1875 -0.5 0.0911764705882353 93 255 162
-0.1875 -0.46875 0.08921568627450982 91 255 164
-0.1875 -0.4375 0.08725490196078434 89 255 166
-0.1875 -0.40625 0.08137254901960783 83 255 172
-0.1875 -0.375 0.07156862745098042 73 255 182
-0.1875 -0.34375 0.061764705882352944 63 255 192
-0.1875 -0.3125 0.048039215686274506 49 255 206
-0.1875 -0.28125 0.03431372549019607 35 255 220
-0.1875 -0.25 0.016666666666666663 17 255 238
-0.1875 -0.21875 -0.0009803921568627416 0 254 255
-0.1875 -0.1875 -0.020588235294117657 0 234 255
-0.1875 -0.15625 -0.040196078431372545 0 214 255
-0.1875 -0.125 -0.05980392156862746 0 194 255
-0.1875 -0.09375 -0.07745098039215687 0 176 255
-0.1875 -0.0625 -0.09313725490196079 0 160 255
-0.1875 -0.03125 -0.10686274509803922 0 146 255
-0.1875 0 -0.11470588235294119 0 138 255
-0.1875 0.03125 -0.12058823529411763 0 132 255
-0.1875 0.0625 -0.12058823529411763 0 132 255
-0.1875 0.09375 -0.11470588235294119 0 138 255
-0.1875 0.125 -0.10490196078431371 0 148 255
-0.1875 0.15625 -0.08921568627450979 0 164 255
-0.1875 0.1875 -0.06764705882352942 0 186 255
-0.1875 0.21875 -0.04411764705882354 0 210 255
-0.1875 0.25 -0.016666666666666663 0 238 255
-0.1875 0.28125 0.010784313725490213 11 255 244
-0.1875 0.3125 0.04019607843137257 41 255 214
-0.1875 0.34375 0.06568627450980391 67 255 188
-0.1875 0.375 0.0911764705882353 93 255 162
-0.1875 0.40625 0.11078431372549019 113 255 142
-0.1875 0.4375 0.1264705882352941 129 255 126
-0.1875 0.46875 0.13627450980392158 139 255 116
-0.1875 0.5 0.14019607843137255 143 255 112
-0.1875 0.53125 0.13627450980392158 139 255 116
-0.1875 0.5625 0.1264705882352941 129 255 126
-0.1875 0.59375 0.11078431372549019 113 255 142
-0.1875 0.625 0.0911764705882353 93 255 162
-0.1875 0.65625 0.06568627450980391 67 255 188
-0.1875 0.6875 0.04019607843137257 41 255 214
-0.1875 0.71875 0.010784313725490213 11 255 244
-0.1875 0.75 -0.016666666666666663 0 238 255
-0.1875 0.78125 -0.04411764705882354 0 210 255
-0.1875 0.8125 -0.06764705882352942 0 186 255
-0.1875 0.84375 -0.08921568627450979 0 164 255
-0.1875 0.875 -0.10490196078431371 0 148 255
-0.1875 0.90625 -0.11470588235294119 0 138 255
-0.1875 0.9375 -0.12058823529411763 0 132 255
-0.1875 0.96875 -0.12058823529411763 0 132 255
-0.1875 1 -0.11470588235294119 0 138 255
-0.15625 -1 -0.10490196078431371 0 148 255
-0.15625 -0.96875 -0.10490196078431371 0 148 255
-0.15625 -0.9375 -0.10294117647058823 0 150 255
-0.15625 -0.90625 -0.09509803921568627 0 158 255
-0.15625 -0.875 -0.08529411764705883 0 168 255
-0.15625 -0.84375 -0.0696078431372549 0 184 255
-0.15625 -0.8125 -0.0519607843137255 0 202 255
-0.15625 -0.78125 -0.0303921568627451 0 224 255
-0.15625 -0.75 -0.008823529411764702 0 246 255
-0.15625 -0.71875 0.01470588235294118 15 255 240
-0.15625 -0.6875 0.038235294117647034 39 255 216
-0.15625 -0.65625 0.05980392156862746 61 255 194
-0.15625 -0.625 0.07745098039215687 79 255 176
-0.15625 -0.59375 0.09509803921568627 97 255 158
-0.15625 -0.5625 0.10686274509803922 109 255 146
-0.15625 -0.53125 0.11274509803921567 115 255 140
-0.15625 -0.5 0.11666666666666664 119 255 136
-0.15625 -0.46875 0.11274509803921567 115 255 140
-0.15625 -0.4375 0.10686274509803922 109 255 146
-0.15625 -0.40625 0.09509803921568627 97 255 158
-0.15625 -0.375 0.07745098039215687 79 255 176
-0.15625 -0.34375 0.05980392156862746 61 255 194
-0.15625 -0.3125 0.038235294117647034 39 255 216
-0.15625 -0.28125 0.01470588235294118 15 255 240
-0.15625 -0.25 -0.008823529411764702 0 246 255
-0.15625 -0.21875 -0.0303921568627451 0 224 255
-0.15625 -0.1875 -0.0519607843137255 0 202 255
-0.15625 -0.15625 -0.0696078431372549 0 184 255
-0.15625 -0.125 -0.08529411764705883 0 168 255
-0.15625 -0.09375 -0.09509803921568627 0 158 255
-0.15625 -0.0625 -0.10294117647058823 0 150 255
-0.15625 -0.03125 -0.10490196078431371 0 148 255
-0.15625 0 -0.10490196078431371 0 148 255
-0.15625 0.03125 -0.09901960784313726 0 154 255
-0.15625 0.0625 -0.08921568627450979 0 164 255
-0.15625 0.09375 -0.07745098039215687 0 176 255
-0.15625 0.125 -0.061764705882352944 0 192 255
-0.15625 0.15625 -0.04607843137254902 0 208 255
-0.15625 0.1875 -0.028431372549019618 0 226 255
-0.15625 0.21875 -0.008823529411764702 0 246 255
-0.15625 0.25 0.00882352941176473 9 255 246
-0.15625 0.28125 0.026470588235294135 27 255 228
-0.15625 0.3125 0.042156862745098056 43 255 212
-0.15625 0.34375 0.055882352941176494 57 255 198
-0.15625 0.375 0.06960784313725488 71 255 184
-0.15625 0.40625 0.07941176470588235 81 255 174
-0.15625 0.4375 0.0852941176470588 87 255 168
-0.15625 0.46875 0.0911764705882353 93 255 162
-0.15625 0.5 0.0911764705882353 93 255 162
-0.15625 0.53125 0.0911764705882353 93 255 162
-0.15625 0.5625 0.0852941176470588 87 255 168
-0.15625 0.59375 0.07941176470588235 81 255 174
-0.15625 0.625 0.06960784313725488 71 255 184
-0.15625 0.65625 0.055882352941176494 57 255 198
-0.15625 0.6875 0.042156862745098056 43 255 212
-0.15625 0.71875 0.026470588235294135 27 255 228
-0.15625 0.75 0.00882352941176473 9 255 246
-0.15625 0.78125 -0.008823529411764702 0 246 255
-0.15625 0.8125 -0.028431372549019618 0 226 255
-0.15625 0.84375 -0.04607843137254902 0 208 255
-0.15625 0.875 -0.061764705882352944 0 192 255
-0.15625 0.90625 -0.07745098039215687 0 176 255
-0.15625 0.9375 -0.08921568627450979 0 164 255
-0.15625 0.96875 -0.09901960784313726 0 154 255
-0.15625 1 -0.10490196078431371 0 148 255
-0.125 -1 -0.08921568627450979 0 164 255
-0.125 -0.96875 -0.10098039215686275 0 152 255
-0.125 -0.9375 -0.10882352941176471 0 144 255
-0.125 -0.90625 -0.11078431372549019 0 142 255
-0.125 -0.875 -0.10686274509803922 0 146 255
-0.125 -0.84375 -0.09705882352941175 0 156 255
-0.125 -0.8125 -0.08137254901960783 0 172 255
-0.125 -0.78125 -0.05980392156862746 0 194 255
-0.125 -0.75 -0.03431372549019607 0 220 255
-0.125 -0.71875 -0.004901960784313736 0 250 255
-0.125 -0.6875 0.02450980392156865 25 255 230
-0.125 -0.65625 0.053921568627450955 55 255 200
-0.125 -0.625 0.08137254901960783 83 255 172
-0.125 -0.59375 0.10294117647058826 105 255 150
-0.125 -0.5625 0.12058823529411766 123 255 132
-0.125 -0.53125 0.13235294117647056 135 255 120
-0.125 -0.5 0.13627450980392158 139 255 116
-0.125 -0.46875 0.13235294117647056 135 255 120
-0.125 -0.4375 0.12058823529411766 123 255 132
-0.125 -0.40625 0.10294117647058826 105 255 150
-0.125 -0.375 0.08137254901960783 83 255 172
-0.125 -0.34375 0.053921568627450955 55 255 200
-0.125 -0.3125 0.02450980392156865 25 255 230
-0.125 -0.28125 -0.004901960784313736 0 250 255
-0.125 -0.25 -0.03431372549019607 0 220 255
-0.125 -0.21875 -0.05980392156862746 0 194 255
-0.125 -0.1875 -0.08137254901960783 0 172 255
-0.125 -0.15625 -0.09705882352941175 0 156 255
-0.125 -0.125 -0.10686274509803922 0 146 255
-0.125 -0.09375 -0.11078431372549019 0 142 255
-0.125 -0.0625 -0.10882352941176471 0 144 255
-0.125 -0.03125 -0.10098039215686275 0 152 255
-0.125 0 -0.08921568627450979 0 164 255
-0.125 0.03125 -0.07352941176470587 0 180 255
-0.125 0.0625 -0.055882352941176466 0 198 255
-0.125 0.09375 -0.03627450980392158 0 218 255
-0.125 0.125 -0.018627450980392146 0 236 255
-0.125 0.15625 -0.0009803921568627416 0 254 255
-0.125 0.1875 0.012745098039215697 13 255 242
-0.125 0.21875 0.02450980392156865 25 255 230
-0.125 0.25 0.03431372549019607 35 255 220
-0.125 0.28125 0.04019607843137257 41 255 214
-0.125 0.3125 0.04411764705882354 45 255 210
-0.125 0.34375 0.04411764705882354 45 255 210
-0.125 0.375 0.04411764705882354 45 255 210
-0.125 0.40625 0.04411764705882354 45 255 210
-0.125 0.4375 0.042156862745098056 43 255 212
-0.125 0.46875 0.04019607843137257 41 255 214
-0.125 0.5 0.04019607843137257 41 255 214
-0.125 0.53125 0.04019607843137257 41 255 214
-0.125 0.5625 0.042156862745098056 43 255 212
-0.125 0.59375 0.04411764705882354 45 255 210
-0.125 0.625 0.04411764705882354 45 255 210
-0.125 0.65625 0.04411764705882354 45 255 210
-0.125 0.6875 0.04411764705882354 45 255 210
-0.125 0.71875 0.04019607843137257 41 255 214
-0.125 0.75 0.03431372549019607 35 255 220
-0.125 0.78125 0.02450980392156865 25 255 230
-0.125 0.8125 0.012745098039215697 13 255 242
-0.125 0.84375 -0.0009803921568627416 0 254 255
-0.125 0.875 -0.018627450980392146 0 236 255
-0.125 0.90625 -0.03627450980392158 0 218 255
-0.125 0.9375 -0.055882352941176466 0 198 255
-0.125 0.96875 -0.07352941176470587 0 180 255
-0.125 1 -0.08921568627450979 0 164 255
-0.09375 -1 -0.0696078431372549 0 184 255
-0.09375 -0.96875 -0.0911764705882353 0 162 255
-0.09375 -0.9375 -0.10882352941176471 0 144 255
-0.09375 -0.90625 -0.11862745098039215 0 134 255
-0.09375 -0.875 -0.12254901960784315 0 130 255
-0.09375 -0.84375 -0.11666666666666667 0 136 255
-0.09375 -0.8125 -0.10490196078431371 0 148 255
-0.09375 -0.78125 -0.08333333333333334 0 170 255
-0.09375 -0.75 -0.055882352941176466 0 198 255
-0.09375 -0.71875 -0.024509803921568624 0 230 255
-0.09375 -0.6875 0.010784313725490213 11 255 244
-0.09375 -0.65625 0.04607843137254902 47 255 208
-0.09375 -0.625 0.07941176470588235 81 255 174
-0.09375 -0.59375 0.10882352941176471 111 255 144
-0.09375 -0.5625 0.13039215686274508 133 255 122
-0.09375 -0.53125 0.14411764705882352 147 255 108
-0.09375 -0.5 0.14803921568627448 151 255 104
-0.09375 -0.46875 0.14411764705882352 147 255 108
-0.09375 -0.4375 0.13039215686274508 133 255 122
-0.09375 -0.40625 0.10882352941176471 111 255 144
-0.09375 -0.375 0.07941176470588235 81 255 174
-0.09375 -0.34375 0.04607843137254902 47 255 208
-0.09375 -0.3125 0.010784313725490213 11 255 244
-0.09375 -0.28125 -0.024509803921568624 0 230 255
-0.09375 -0.25 -0.055882352941176466 0 198 255
-0.09375 -0.21875 -0.08333333333333334 0 170 255
-0.09375 -0.1875 -0.10490196078431371 0 148 255
-0.09375 -0.15625 -0.11666666666666667 0 136 255
-0.09375 -0.125 -0.12254901960784315 0 130 255
-0.09375 -0.09375 -0.11862745098039215 0 134 255
-0.09375 -0.0625 -0.10882352941176471 0 144 255
-0.09375 -0.03125 -0.0911764705882353 0 162 255
-0.09375 0 -0.0696078431372549 0 184 255
-0.09375 0.03125 -0.04411764705882354 0 210 255
-0.09375 0.0625 -0.020588235294117657 0 234 255
-0.09375 0.09375 0.002941176470588225 3 255 252
-0.09375 0.125 0.02450980392156865 25 255 230
-0.09375 0.15625 0.04019607843137257 41 255 214
-0.09375 0.1875 0.05196078431372547 53 255 202
-0.09375 0.21875 0.055882352941176494 57 255 198
-0.09375 0.25 0.055882352941176494 57 255 198
-0.09375 0.28125 0.04999999999999999 51 255 204
-0.09375 0.3125 0.042156862745098056 43 255 212
-0.09375 0.34375 0.0303921568627451 31 255 224
-0.09375 0.375 0.018627450980392146 19 255 236
-0.09375 0.40625 0.006862745098039191 7 255 248
-0.09375 0.4375 -0.0009803921568627416 0 254 255
-0.09375 0.46875 -0.006862745098039219 0 248 255
-0.09375 0.5 -0.010784313725490186 0 244 255
-0.09375 0.53125 -0.006862745098039219 0 248 255
-0.09375 0.5625 -0.0009803921568627416 0 254 255
-0.09375 0.59375 0.006862745098039191 7 255 248
-0.09375 0.625 0.018627450980392146 19 255 236
-0.09375 0.65625 0.0303921568627451 31 255 224
-0.09375 0.6875 0.042156862745098056 43 255 212
-0.09375 0.71875 0.04999999999999999 51 255 204
-0.09375 0.75 0.055882352941176494 57 255 198
-0.09375 0.78125 0.055882352941176494 57 255 198
-0.09375 0.8125 0.05196078431372547 53 255 202
-0.09375 0.84375 0.04019607843137257 41 255 214
-0.09375 0.875 0.02450980392156865 25 255 230
-0.09375 0.90625 0.002941176470588225 3 255 252
-0.09375 0.9375 -0.020588235294117657 0 234 255
-0.09375 0.96875 -0.04411764705882354 0 210 255
-0.09375 1 -0.0696078431372549 0 184 255
-0.0625 -1 -0.048039215686274506 0 206 255
-0.0625 -0.96875 -0.07745098039215687 0 176 255
-0.0625 -0.9375 -0.10098039215686275 0 152 255
-0.0625 -0.90625 -0.12058823529411763 0 132 255
-0.0625 -0.875 -0.13039215686274508 0 122 255
-0.0625 -0.84375 -0.13039215686274508 0 122 255
-0.0625 -0.8125 -0.12058823529411763 0 132 255
-0.0625 -0.78125 -0.10098039215686275 0 152 255
-0.0625 -0.75 -0.07352941176470587 0 180 255
-0.0625 -0.71875 -0.040196078431372545 0 214 255
-0.0625 -0.6875 -0.002941176470588225 0 252 255
-0.0625 -0.65625 0.03627450980392155 37 255 218
-0.0625 -0.625 0.0735294117647059 75 255 180
-0.0625 -0.59375 0.10490196078431374 107 255 148
-0.0625 -0.5625 0.13039215686274508 133 255 122
-0.0625 -0.53125 0.146078431372549 149 255 106
-0.0625 -0.5 0.1519607843137255 155 255 100
-0.0625 -0.46875 0.146078431372549 149 255 106
-0.0625 -0.4375 0.13039215686274508 133 255 122
-0.0625 -0.40625 0.10490196078431374 107 255 148
-0.0625 -0.375 0.0735294117647059 75 255 180
-0.0625 -0.34375 0.03627450980392155 37 255 218
-0.0625 -0.3125 -0.002941176470588225 0 252 255
-0.0625 -0.28125 -0.040196078431372545 0 214 255
-0.0625 -0.25 -0.07352941176470587 0 180 255
-0.0625 -0.21875 -0.10098039215686275 0 152 255
-0.0625 -0.1875 -0.12058823529411763 0 132 255
-0.0625 -0.15625 -0.13039215686274508 0 122 255
-0.0625 -0.125 -0.13039215686274508 0 122 255
-0.0625 -0.09375 -0.12058823529411763 0 132 255
-0.0625 -0.0625 -0.10098039215686275 0 152 255
-0.0625 -0.03125 -0.07745098039215687 0 176 255
-0.0625 0 -0.048039215686274506 0 206 255
-0.0625 0.03125 -0.016666666666666663 0 238 255
-0.0625 0.0625 0.012745098039215697 13 255 242
-0.0625 0.09375 0.04019607843137257 41 255 214
-0.0625 0.125 0.061764705882352944 63 255 192
-0.0625 0.15625 0.07745098039215687 79 255 176
-0.0625 0.1875 0.08333333333333331 85 255 170
-0.0625 0.21875 0.08137254901960783 83 255 172
-0.0625 0.25 0.0735294117647059 75 255 180
-0.0625 0.28125 0.05784313725490198 59 255 196
-0.0625 0.3125 0.038235294117647034 39 255 216
-0.0625 0.34375 0.016666666666666663 17 255 238
-0.0625 0.375 -0.006862745098039219 0 248 255
-0.0625 0.40625 -0.026470588235294107 0 228 255
-0.0625 0.4375 -0.04215686274509803 0 212 255
-0.0625 0.46875 -0.0519607843137255 0 202 255
-0.0625 0.5 -0.055882352941176466 0 198 255
-0.0625 0.53125 -0.0519607843137255 0 202 255
-0.0625 0.5625 -0.04215686274509803 0 212 255
-0.0625 0.59375 -0.026470588235294107 0 228 255
-0.0625 0.625 -0.006862745098039219 0 248 255
-0.0625 0.65625 0.016666666666666663 17 255 238
-0.0625 0.6875 0.038235294117647034 39 255 216
-0.0625 0.71875 0.05784313725490198 59 255 196
-0.0625 0.75 0.0735294117647059 75 255 180
-0.0625 0.78125 0.08137254901960783 83 255 172
-0.0625 0.8125 0.08333333333333331 85 255 170
-0.0625 0.84375 0.07745098039215687 79 255 176
-0.0625 0.875 0.061764705882352944 63 255 192
-0.0625 0.90625 0.04019607843137257 41 255 214
-0.0625 0.9375 0.012745098039215697 13 255 242
-0.0625 0.96875 -0.016666666666666663 0 238 255
-0.0625 1 -0.048039215686274506 0 206 255
-0.03125 -1 -0.024509803921568624 0 230 255
-0.03125 -0.96875 -0.05784313725490195 0 196 255
-0.03125 -0.9375 -0.08921568627450979 0 164 255
-0.03125 -0.90625 -0.11274509803921567 0 140 255
-0.03125 -0.875 -0.1284313725490196 0 124 255
-0.03125 -0.84375 -0.1323529411764706 0 120 255
-0.03125 -0.8125 -0.1264705882352941 0 126 255
-0.03125 -0.78125 -0.11078431372549019 0 142 255
-0.03125 -0.75 -0.08529411764705883 0 168 255
-0.03125 -0.71875 -0.0519607843137255 0 202 255
-0.03125 -0.6875 -0.01470588235294118 0 240 255
-0.03125 -0.65625 0.02450980392156865 25 255 230
-0.03125 -0.625 0.06372549019607843 65 255 190
-0.03125 -0.59375 0.09705882352941175 99 255 156
-0.03125 -0.5625 0.12254901960784315 125 255 130
-0.03125 -0.53125 0.13823529411764707 141 255 114
-0.03125 -0.5 0.14411764705882352 147 255 108
-0.03125 -0.46875 0.13823529411764707 141 255 114
-0.03125 -0.4375 0.12254901960784315 125 255 130
-0.03125 -0.40625 0.09705882352941175 99 255 156
-0.03125 -0.375 0.06372549019607843 65 255 190
-0.03125 -0.34375 0.02450980392156865 25 255 230
-0.03125 -0.3125 -0.01470588235294118 0 240 255
-0.03125 -0.28125 -0.0519607843137255 0 202 255
-0.03125 -0.25 -0.08529411764705883 0 168 255
-0.03125 -0.21875 -0.11078431372549019 0 142 255
-0.03125 -0.1875 -0.1264705882352941 0 126 255
-0.03125 -0.15625 -0.1323529411764706 0 120 255
-0.03125 -0.125 -0.1284313725490196 0 124 255
-0.03125 -0.09375 -0.11274509803921567 0 140 255
-0.03125 -0.0625 -0.08921568627450979 0 164 255
-0.03125 -0.03125 -0.05784313725490195 0 196 255
-0.03125 0 -0.024509803921568624 0 230 255
-0.03125 0.03125 0.010784313725490213 11 255 244
-0.03125 0.0625 0.04411764705882354 45 255 210
-0.03125 0.09375 0.07156862745098042 73 255 182
-0.03125 0.125 0.09313725490196079 95 255 160
-0.03125 0.15625 0.10490196078431374 107 255 148
-0.03125 0.1875 0.10882352941176471 111 255 144
-0.03125 0.21875 0.10098039215686272 103 255 152
-0.03125 0.25 0.0852941176470588 87 255 168
-0.03125 0.28125 0.061764705882352944 63 255 192
-0.03125 0.3125 0.032352941176470584 33 255 222
-0.03125 0.34375 0.0009803921568627416 1 255 254
-0.03125 0.375 -0.028431372549019618 0 226 255
-0.03125 0.40625 -0.055882352941176466 0 198 255
-0.03125 0.4375 -0.07745098039215687 0 176 255
-0.03125 0.46875 -0.0911764705882353 0 162 255
-0.03125 0.5 -0.09509803921568627 0 158 255
-0.03125 0.53125 -0.0911764705882353 0 162 255
-0.03125 0.5625 -0.07745098039215687 0 176 255
-0.03125 0.59375 -0.055882352941176466 0 198 255
-0.03125 0.625 -0.028431372549019618 0 226 255
-0.03125 0.65625 0.0009803921568627416 1 255 254
-0.03125 0.6875 0.032352941176470584 33 255 222
-0.03125 0.71875 0.061764705882352944 63 255 192
-0.03125 0.75 0.0852941176470588 87 255 168
-0.03125 0.78125 0.10098039215686272 103 255 152
-0.03125 0.8125 0.10882352941176471 111 255 144
-0.03125 0.84375 0.10490196078431374 107 255 148
-0.03125 0.875 0.09313725490196079 95 255 160
-0.03125 0.90625 0.07156862745098042 73 255 182
-0.03125 0.9375 0.04411764705882354 45 255 210
-0.03125 0.96875 0.010784313725490213 11 255 244
-0.03125 1 -0.024509803921568624 0 230 255
0 -1 -0.0009803921568627416 0 254 255
0 -0.96875 -0.03627450980392158 0 218 255
0 -0.9375 -0.0696078431372549 0 184 255
0 -0.90625 -0.09705882352941175 0 156 255
0 -0.875 -0.11470588235294119 0 138 255
0 -0.84375 -0.12450980392156863 0 128 255
0 -0.8125 -0.12254901960784315 0 130 255
0 -0.78125 -0.11078431372549019 0 142 255
0 -0.75 -0.08921568627450979 0 164 255
0 -0.71875 -0.05980392156862746 0 194 255
0 -0.6875 -0.024509803921568624 0 230 255
0 -0.65625 0.012745098039215697 13 255 242
0 -0.625 0.048039215686274506 49 255 206
0 -0.59375 0.07941176470588235 81 255 174
0 -0.5625 0.10490196078431374 107 255 148
0 -0.53125 0.12058823529411766 123 255 132
0 -0.5 0.12450980392156863 127 255 128
0 -0.46875 0.12058823529411766 123 255 132
0 -0.4375 0.10490196078431374 107 255 148
0 -0.40625 0.07941176470588235 81 255 174
0 -0.375 0.048039215686274506 49 255 206
0 -0.34375 0.012745098039215697 13 255 242
0 -0.3125 -0.024509803921568624 0 230 255
0 -0.28125 -0.05980392156862746 0 194 255
0 -0.25 -0.08921568627450979 0 164 255
0 -0.21875 -0.11078431372549019 0 142 255
0 -0.1875 -0.12254901960784315 0 130 255
0 -0.15625 -0.12450980392156863 0 128 255
0 -0.125 -0.11470588235294119 0 138 255
0 -0.09375 -0.09705882352941175 0 156 255
0 -0.0625 -0.0696078431372549 0 184 255
0 -0.03125 -0.03627450980392158 0 218 255
0 0 -0.0009803921568627416 0 254 255
0 0.03125 0.03627450980392155 37 255 218
0 0.0625 0.06960784313725488 71 255 184
0 0.09375 0.09705882352941175 99 255 156
0 0.125 0.11470588235294116 117 255 138
0 0.15625 0.12450980392156863 127 255 128
0 0.1875 0.12254901960784315 125 255 130
0 0.21875 0.11078431372549019 113 255 142
0 0.25 0.08921568627450982 91 255 164
0 0.28125 0.05980392156862746 61 255 194
0 0.3125 0.02450980392156865 25 255 230
0 0.34375 -0.012745098039215697 0 242 255
0 0.375 -0.048039215686274506 0 206 255
0 0.40625 -0.07941176470588235 0 174 255
0 0.4375 -0.10490196078431371 0 148 255
0 0.46875 -0.12058823529411763 0 132 255
0 0.5 -0.12450980392156863 0 128 255
0 0.53125 -0.12058823529411763 0 132 255
0 0.5625 -0.10490196078431371 0 148 255
0 0.59375 -0.07941176470588235 0 174 255
0 0.625 -0.048039215686274506 0 206 255
0 0.65625 -0.012745098039215697 0 242 255
0 0.6875 0.02450980392156865 25 255 230
0 0.71875 0.05980392156862746 61 255 194
0 0.75 0.08921568627450982 91 255 164
0 0.78125 0.11078431372549019 113 255 142
0 0.8125 0.12254901960784315 125 255 130
0 0.84375 0.12450980392156863 127 255 128
0 0.875 0.11470588235294116 117 255 138
0 0.90625 0.09705882352941175 99 255 156
0 0.9375 0.06960784313725488 71 255 184
0 0.96875 0.03627450980392155 37 255 218
0 1 0.0009803921568627416 1 255 254
0.03125 -1 0.02450980392156865 25 255 230
0.03125 -0.96875 -0.010784313725490186 0 244 255
0.03125 -0.9375 -0.04411764705882354 0 210 255
0.03125 -0.90625 -0.07156862745098039 0 182 255
0.03125 -0.875 -0.09313725490196079 0 160 255
0.03125 -0.84375 -0.10490196078431371 0 148 255
0.03125 -0.8125 -0.10882352941176471 0 144 255
0.03125 -0.78125 -0.10098039215686275 0 152 255
0.03125 -0.75 -0.08529411764705883 0 168 255
0.03125 -0.71875 -0.061764705882352944 0 192 255
0.03125 -0.6875 -0.032352941176470584 0 222 255
0.03125 -0.65625 -0.0009803921568627416 0 254 255
0.03125 -0.625 0.028431372549019618 29 255 226
0.03125 -0.59375 0.055882352941176494 57 255 198
0.03125 -0.5625 0.07745098039215687 79 255 176
0.03125 -0.53125 0.0911764705882353 93 255 162
0.03125 -0.5 0.09509803921568627 97 255 158
0.03125 -0.46875 0.0911764705882353 93 255 162
0.03125 -0.4375 0.07745098039215687 79 255 176
0.03125 -0.40625 0.055882352941176494 57 255 198
0.03125 -0.375 0.028431372549019618 29 255 226
0.03125 -0.34375 -0.0009803921568627416 0 254 255
0.03125 -0.3125 -0.032352941176470584 0 222 255
0.03125 -0.28125 -0.061764705882352944 0 192 255
0.03125 -0.25 -0.08529411764705883 0 168 255
0.03125 -0.21875 -0.10098039215686275 0 152 255
0.03125 -0.1875 -0.10882352941176471 0 144 255
0.03125 -0.15625 -0.10490196078431371 0 148 255
0.03125 -0.125 -0.09313725490196079 0 160 255
0.03125 -0.09375 -0.07156862745098039 0 182 255
0.03125 -0.0625 -0.04411764705882354 0 210 255
0.03125 -0.03125 -0.010784313725490186 0 244 255
0.03125 0 0.02450980392156865 25 255 230
0.03125 0.03125 0.05784313725490198 59 255 196
0.03125 0.0625 0.08921568627450982 91 255 164
0.03125 0.09375 0.11274509803921567 115 255 140
0.03125 0.125 0.1284313725490196 131 255 124
0.03125 0.15625 0.13235294117647056 135 255 120
0.03125 0.1875 0.1264705882352941 129 255 126
0.03125 0.21875 0.11078431372549019 113 255 142
0.03125 0.25 0.0852941176470588 87 255 168
0.03125 0.28125 0.05196078431372547 53 255 202
0.03125 0.3125 0.01470588235294118 15 255 240
0.03125 0.34375 -0.024509803921568624 0 230 255
0.03125 0.375 -0.06372549019607843 0 190 255
0.03125 0.40625 -0.09705882352941175 0 156 255
0.03125 0.4375 -0.12254901960784315 0 130 255
0.03125 0.46875 -0.13823529411764707 0 114 255
0.03125 0.5 -0.14411764705882352 0 108 255
0.03125 0.53125 -0.13823529411764707 0 114 255
0.03125 0.5625 -0.12254901960784315 0 130 255
0.03125 0.59375 -0.09705882352941175 0 156 255
0.03125 0.625 -0.06372549019607843 0 190 255
0.03125 0.65625 -0.024509803921568624 0 230 255
0.03125 0.6875 0.01470588235294118 15 255 240
0.03125 0.71875 0.05196078431372547 53 255 202
0.03125 0.75 0.0852941176470588 87 255 168
0.03125 0.78125 0.11078431372549019 113 255 142
0.03125 0.8125 0.1264705882352941 129 255 126
0.03125 0.84375 0.13235294117647056 135 255 120
0.03125 0.875 0.1284313725490196 131 255 124
0.03125 0.90625 0.11274509803921567 115 255 140
0.03125 0.9375 0.08921568627450982 91 255 164
0.03125 0.96875 0.05784313725490198 59 255 196
0.03125 1 0.02450980392156865 25 255 230
0.0625 -1 0.048039215686274506 49 255 206
0.0625 -0.96875 0.016666666666666663 17 255 238
0.0625 -0.9375 -0.012745098039215697 0 242 255
0.0625 -0.90625 -0.040196078431372545 0 214 255
0.0625 -0.875 -0.061764705882352944 0 192 255
0.0625 -0.84375 -0.07745098039215687 0 176 255
0.0625 -0.8125 -0.08333333333333334 0 170 255
0.0625 -0.78125 -0.08137254901960783 0 172 255
0.0625 -0.75 -0.07352941176470587 0 180 255
0.0625 -0.71875 -0.05784313725490195 0 196 255
0.0625 -0.6875 -0.03823529411764706 0 216 255
0.0625 -0.65625 -0.016666666666666663 0 238 255
0.0625 -0.625 0.006862745098039191 7 255 248
0.0625 -0.59375 0.026470588235294135 27 255 228
0.0625 -0.5625 0.042156862745098056 43 255 212
0.0625 -0.53125 0.05196078431372547 53 255 202
0.0625 -0.5 0.055882352941176494 57 255 198
0.0625 -0.46875 0.05196078431372547 53 255 202
0.0625 -0.4375 0.042156862745098056 43 255 212
0.0625 -0.40625 0.026470588235294135 27 255 228
0.0625 -0.375 0.006862745098039191 7 255 248
0.0625 -0.34375 -0.016666666666666663 0 238 255
0.0625 -0.3125 -0.03823529411764706 0 216 255
0.0625 -0.28125 -0.05784313725490195 0 196 255
0.0625 -0.25 -0.07352941176470587 0 180 255
0.0625 -0.21875 -0.08137254901960783 0 172 255
0.0625 -0.1875 -0.08333333333333334 0 170 255
0.0625 -0.15625 -0.07745098039215687 0 176 255
0.0625 -0.125 -0.061764705882352944 0 192 255
0.0625 -0.09375 -0.040196078431372545 0 214 255
0.0625 -0.0625 -0.012745098039215697 0 242 255
0.0625 -0.03125 0.016666666666666663 17 255 238
0.0625 0 0.048039215686274506 49 255 206
0.0625 0.03125 0.07745098039215687 79 255 176
0.0625 0.0625 0.10098039215686272 103 255 152
0.0625 0.09375 0.12058823529411766 123 255 132
0.0625 0.125 0.13039215686274508 133 255 122
0.0625 0.15625 0.13039215686274508 133 255 122
0.0625 0.1875 0.12058823529411766 123 255 132
0.0625 0.21875 0.10098039215686272 103 255 152
0.0625 0.25 0.0735294117647059 75 255 180
0.0625 0.28125 0.04019607843137257 41 255 214
0.0625 0.3125 0.002941176470588225 3 255 252
0.0625 0.34375 -0.03627450980392158 0 218 255
0.0625 0.375 -0.07352941176470587 0 180 255
0.0625 0.40625 -0.10490196078431371 0 148 255
0.0625 0.4375 -0.13039215686274508 0 122 255
0.0625 0.46875 -0.146078431372549 0 106 255
0.0625 0.5 -0.1519607843137255 0 100 255
0.0625 0.53125 -0.146078431372549 0 106 255
0.0625 0.5625 -0.13039215686274508 0 122 255
0.0625 0.59375 -0.10490196078431371 0 148 255
0.0625 0.625 -0.07352941176470587 0 180 255
0.0625 0.65625 -0.03627450980392158 0 218 255
0.0625 0.6875 0.002941176470588225 3 255 252
0.0625 0.71875 0.04019607843137257 41 255 214
0.0625 0.75 0.0735294117647059 75 255 180
0.0625 0.78125 0.10098039215686272 103 255 152
0.0625 0.8125 0.12058823529411766 123 255 132
0.0625 0.84375 0.13039215686274508 133 255 122
0.0625 0.875 0.13039215686274508 133 255 122
0.0625 0.90625 0.12058823529411766 123 255 132
0.0625 0.9375 0.10098039215686272 103 255 152
0.0625 0.96875 0.07745098039215687 79 255 176
0.0625 1 0.048039215686274506 49 255 206
0.09375 -1 0.06960784313725488 71 255 184
0.09375 -0.96875 0.04411764705882354 45 255 210
0.09375 -0.9375 0.02058823529411763 21 255 234
0.09375 -0.90625 -0.002941176470588225 0 252 255
0.09375 -0.875 -0.024509803921568624 0 230 255
0.09375 -0.84375 -0.040196078431372545 0 214 255
0.09375 -0.8125 -0.0519607843137255 0 202 255
0.09375 -0.78125 -0.055882352941176466 0 198 255
0.09375 -0.75 -0.055882352941176466 0 198 255
0.09375 -0.71875 -0.04999999999999999 0 204 255
0.09375 -0.6875 -0.04215686274509803 0 212 255
0.09375 -0.65625 -0.0303921568627451 0 224 255
0.09375 -0.625 -0.018627450980392146 0 236 255
0.09375 -0.59375 -0.006862745098039219 0 248 255
0.09375 -0.5625 0.0009803921568627416 1 255 254
0.09375 -0.53125 0.006862745098039191 7 255 248
0.09375 -0.5 0.010784313725490213 11 255 244
0.09375 -0.46875 0.006862745098039191 7 255 248
0.09375 -0.4375 0.0009803921568627416 1 255 254
0.09375 -0.40625 -0.006862745098039219 0 248 255
0.09375 -0.375 -0.018627450980392146 0 236 255
0.09375 -0.34375 -0.0303921568627451 0 224 255
0.09375 -0.3125 -0.04215686274509803 0 212 255
0.09375 -0.28125 -0.04999999999999999 0 204 255
0.09375 -0.25 -0.055882352941176466 0 198 255
0.09375 -0.21875 -0.055882352941176466 0 198 255
0.09375 -0.1875 -0.0519607843137255 0 202 255
0.09375 -0.15625 -0.040196078431372545 0 214 255
0.09375 -0.125 -0.024509803921568624 0 230 255
0.09375 -0.09375 -0.002941176470588225 0 252 255
0.09375 -0.0625 0.02058823529411763 21 255 234
0.09375 -0.03125 0.04411764705882354 45 255 210
0.09375 0 0.06960784313725488 71 255 184
0.09375 0.03125 0.0911764705882353 93 255 162
0.09375 0.0625 0.10882352941176471 111 255 144
0.09375 0.09375 0.11862745098039218 121 255 134
0.09375 0.125 0.12254901960784315 125 255 130
0.09375 0.15625 0.11666666666666664 119 255 136
0.09375 0.1875 0.10490196078431374 107 255 148
0.09375 0.21875 0.08333333333333331 85 255 170
0.09375 0.25 0.055882352941176494 57 255 198
0.09375 0.28125 0.02450980392156865 25 255 230
0.09375 0.3125 -0.010784313725490186 0 244 255
0.09375 0.34375 -0.04607843137254902 0 208 255
0.09375 0.375 -0.07941176470588235 0 174 255
0.09375 0.40625 -0.10882352941176471 0 144 255
0.09375 0.4375 -0.13039215686274508 0 122 255
0.09375 0.46875 -0.14411764705882352 0 108 255
0.09375 0.5 -0.1480392156862745 0 104 255
0.09375 0.53125 -0.14411764705882352 0 108 255
0.09375 0.5625 -0.13039215686274508 0 122 255
0.09375 0.59375 -0.10882352941176471 0 144 255
0.09375 0.625 -0.07941176470588235 0 174 255
0.09375 0.65625 -0.04607843137254902 0 208 255
0.09375 0.6875 -0.010784313725490186 0 244 255
0.09375 0.71875 0.02450980392156865 25 255 230
0.09375 0.75 0.055882352941176494 57 255 198
0.09375 0.78125 0.08333333333333331 85 255 170
0.09375 0.8125 0.10490196078431374 107 255 148
0.09375 0.84375 0.11666666666666664 119 255 136
0.09375 0.875 0.12254901960784315 125 255 130
0.09375 0.90625 0.11862745098039218 121 255 134
0.09375 0.9375 0.10882352941176471 111 255 144
0.09375 0.96875 0.0911764705882353 93 255 162
0.09375 1 0.06960784313725488 71 255 184
0.125 -1 0.08921568627450982 91 255 164
0.125 -0.96875 0.0735294117647059 75 255 180
0.125 -0.9375 0.055882352941176494 57 255 198
0.125 -0.90625 0.03627450980392155 37 255 218
0.125 -0.875 0.018627450980392146 19 255 236
0.125 -0.84375 0.0009803921568627416 1 255 254
0.125 -0.8125 -0.012745098039215697 0 242 255
0.125 -0.78125 -0.024509803921568624 0 230 255
0.125 -0.75 -0.03431372549019607 0 220 255
0.125 -0.71875 -0.040196078431372545 0 214 255
0.125 -0.6875 -0.04411764705882354 0 210 255
0.125 -0.65625 -0.04411764705882354 0 210 255
0.125 -0.625 -0.04411764705882354 0 210 255
0.125 -0.59375 -0.04411764705882354 0 210 255
0.125 -0.5625 -0.04215686274509803 0 212 255
0.125 -0.53125 -0.040196078431372545 0 214 255
0.125 -0.5 -0.040196078431372545 0 214 255
0.125 -0.46875 -0.040196078431372545 0 214 255
0.125 -0.4375 -0.04215686274509803 0 212 255
0.125 -0.40625 -0.04411764705882354 0 210 255
0.125 -0.375 -0.04411764705882354 0 210 255
0.125 -0.34375 -0.04411764705882354 0 210 255
0.125 -0.3125 -0.04411764705882354 0 210 255
0.125 -0.28125 -0.040196078431372545 0 214 255
0.125 -0.25 -0.03431372549019607 0 220 255
0.125 -0.21875 -0.024509803921568624 0 230 255
0.125 -0.1875 -0.012745098039215697 0 242 255
0.125 -0.15625 0.0009803921568627416 1 255 254
0.125 -0.125 0.018627450980392146 19 255 236
0.125 -0.09375 0.03627450980392155 37 255 218
0.125 -0.0625 0.055882352941176494 57 255 198
0.125 -0.03125 0.0735294117647059 75 255 180
0.125 0 0.08921568627450982 91 255 164
0.125 0.03125 0.10098039215686272 103 255 152
0.125 0.0625 0.10882352941176471 111 255 144
0.125 0.09375 0.11078431372549019 113 255 142
0.125 0.125 0.10686274509803922 109 255 146
0.125 0.15625 0.09705882352941175 99 255 156
0.125 0.1875 0.08137254901960783 83 255 172
0.125 0.21875 0.05980392156862746 61 255 194
0.125 0.25 0.03431372549019607 35 255 220
0.125 0.28125 0.004901960784313708 5 255 250
0.125 0.3125 -0.024509803921568624 0 230 255
0.125 0.34375 -0.05392156862745098 0 200 255
0.125 0.375 -0.08137254901960783 0 172 255
0.125 0.40625 -0.10294117647058823 0 150 255
0.125 0.4375 -0.12058823529411763 0 132 255
0.125 0.46875 -0.1323529411764706 0 120 255
0.125 0.5 -0.13627450980392158 0 116 255
0.125 0.53125 -0.1323529411764706 0 120 255
0.125 0.5625 -0.12058823529411763 0 132 255
0.125 0.59375 -0.10294117647058823 0 150 255
0.125 0.625 -0.08137254901960783 0 172 255
0.125 0.65625 -0.05392156862745098 0 200 255
0.125 0.6875 -0.024509803921568624 0 230 255
0.125 0.71875 0.004901960784313708 5 255 250
0.125 0.75 0.03431372549019607 35 255 220
0.125 0.78125 0.05980392156862746 61 255 194
0.125 0.8125 0.08137254901960783 83 255 172
0.125 0.84375 0.09705882352941175 99 255 156
0.125 0.875 0.10686274509803922 109 255 146
0.125 0.90625 0.11078431372549019 113 255 142
0.125 0.9375 0.10882352941176471 111 255 144
0.125 0.96875 0.10098039215686272 103 255 152
0.125 1 0.08921568627450982 91 255 164
0.15625 -1 0.10490196078431374 107 255 148
0.15625 -0.96875 0.09901960784313724 101 255 154
0.15625 -0.9375 0.08921568627450982 91 255 164
0.15625 -0.90625 0.07745098039215687 79 255 176
0.15625 -0.875 0.061764705882352944 63 255 192
0.15625 -0.84375 0.04607843137254902 47 255 208
0.15625 -0.8125 0.028431372549019618 29 255 226
0.15625 -0.78125 0.00882352941176473 9 255 246
0.15625 -0.75 -0.008823529411764702 0 246 255
0.15625 -0.71875 -0.026470588235294107 0 228 255
0.15625 -0.6875 -0.04215686274509803 0 212 255
0.15625 -0.65625 -0.055882352941176466 0 198 255
0.15625 -0.625 -0.0696078431372549 0 184 255
0.15625 -0.59375 -0.07941176470588235 0 174 255
0.15625 -0.5625 -0.08529411764705883 0 168 255
0.15625 -0.53125 -0.0911764705882353 0 162 255
0.15625 -0.5 -0.0911764705882353 0 162 255
0.15625 -0.46875 -0.0911764705882353 0 162 255
0.15625 -0.4375 -0.08529411764705883 0 168 255
0.15625 -0.40625 -0.07941176470588235 0 174 255
0.15625 -0.375 -0.0696078431372549 0 184 255
0.15625 -0.34375 -0.055882352941176466 0 198 255
0.15625 -0.3125 -0.04215686274509803 0 212 255
0.15625 -0.28125 -0.026470588235294107 0 228 255
0.15625 -0.25 -0.008823529411764702 0 246 255
0.15625 -0.21875 0.00882352941176473 9 255 246
0.15625 -0.1875 0.028431372549019618 29 255 226
0.15625 -0.15625 0.04607843137254902 47 255 208
0.15625 -0.125 0.061764705882352944 63 255 192
0.15625 -0.09375 0.07745098039215687 79 255 176
0.15625 -0.0625 0.08921568627450982 91 255 164
0.15625 -0.03125 0.09901960784313724 101 255 154
0.15625 0 0.10490196078431374 107 255 148
0.15625 0.03125 0.10490196078431374 107 255 148
0.15625 0.0625 0.10294117647058826 105 255 150
0.15625 0.09375 0.09509803921568627 97 255 158
0.15625 0.125 0.0852941176470588 87 255 168
0.15625 0.15625 0.06960784313725488 71 255 184
0.15625 0.1875 0.05196078431372547 53 255 202
0.15625 0.21875 0.0303921568627451 31 255 224
0.15625 0.25 0.00882352941176473 9 255 246
0.15625 0.28125 -0.01470588235294118 0 240 255
0.15625 0.3125 -0.03823529411764706 0 216 255
0.15625 0.34375 -0.05980392156862746 0 194 255
0.15625 0.375 -0.07745098039215687 0 176 255
0.15625 0.40625 -0.09509803921568627 0 158 255
0.15625 0.4375 -0.10686274509803922 0 146 255
0.15625 0.46875 -0.11274509803921567 0 140 255
0.15625 0.5 -0.11666666666666667 0 136 255
0.15625 0.53125 -0.11274509803921567 0 140 255
0.15625 0.5625 -0.10686274509803922 0 146 255
0.15625 0.59375 -0.09509803921568627 0 158 255
0.15625 0.625 -0.07745098039215687 0 176 255
0.15625 0.65625 -0.05980392156862746 0 194 255
0.15625 0.6875 -0.03823529411764706 0 216 255
0.15625 0.71875 -0.01470588235294118 0 240 255
0.15625 0.75 0.00882352941176473 9 255 246
0.15625 0.78125 0.0303921568627451 31 255 224
0.15625 0.8125 0.05196078431372547 53 255 202
0.15625 0.84375 0.06960784313725488 71 255 184
0.15625 0.875 0.0852941176470588 87 255 168
0.15625 0.90625 0.09509803921568627 97 255 158
0.15625 0.9375 0.10294117647058826 105 255 150
0.15625 0.96875 0.10490196078431374 107 255 148
0.15625 1 0.10490196078431374 107 255 148
0.1875 -1 0.11470588235294116 117 255 138
0.1875 -0.96875 0.12058823529411766 123 255 132
0.1875 -0.9375 0.12058823529411766 123 255 132
0.1875 -0.90625 0.11470588235294116 117 255 138
0.1875 -0.875 0.10490196078431374 107 255 148
0.1875 -0.84375 0.08921568627450982 91 255 164
0.1875 -0.8125 0.0676470588235294 69 255 186
0.1875 -0.78125 0.04411764705882354 45 255 210
0.1875 -0.75 0.016666666666666663 17 255 238
0.1875 -0.71875 -0.010784313725490186 0 244 255
0.1875 -0.6875 -0.040196078431372545 0 214 255
0.1875 -0.65625 -0.06568627450980391 0 188 255
0.1875 -0.625 -0.0911764705882353 0 162 255
0.1875 -0.59375 -0.11078431372549019 0 142 255
0.1875 -0.5625 -0.1264705882352941 0 126 255
0.1875 -0.53125 -0.13627450980392158 0 116 255
0.1875 -0.5 -0.14019607843137255 0 112 255
0.1875 -0.46875 -0.13627450980392158 0 116 255
0.1875 -0.4375 -0.1264705882352941 0 126 255
0.1875 -0.40625 -0.11078431372549019 0 142 255
0.1875 -0.375 -0.0911764705882353 0 162 255
0.1875 -0.34375 -0.06568627450980391 0 188 255
0.1875 -0.3125 -0.040196078431372545 0 214 255
0.1875 -0.28125 -0.010784313725490186 0 244 255
0.1875 -0.25 0.016666666666666663 17 255 238
0.1875 -0.21875 0.04411764705882354 45 255 210
0.1875 -0.1875 0.0676470588235294 69 255 186
0.1875 -0.15625 0.08921568627450982 91 255 164
0.1875 -0.125 0.10490196078431374 107 255 148
0.1875 -0.09375 0.11470588235294116 117 255 138
0.1875 -0.0625 0.12058823529411766 123 255 132
0.1875 -0.03125 0.12058823529411766 123 255 132
0.1875 0 0.11470588235294116 117 255 138
0.1875 0.03125 0.10686274509803922 109 255 146
0.1875 0.0625 0.09313725490196079 95 255 160
0.1875 0.09375 0.07745098039215687 79 255 176
0.1875 0.125 0.05980392156862746 61 255 194
0.1875 0.15625 0.04019607843137257 41 255 214
0.1875 0.1875 0.02058823529411763 21 255 234
0.1875 0.21875 0.0009803921568627416 1 255 254
0.1875 0.25 -0.016666666666666663 0 238 255
0.1875 0.28125 -0.03431372549019607 0 220 255
0.1875 0.3125 -0.048039215686274506 0 206 255
0.1875 0.34375 -0.061764705882352944 0 192 255
0.1875 0.375 -0.07156862745098039 0 182 255
0.1875 0.40625 -0.08137254901960783 0 172 255
0.1875 0.4375 -0.08725490196078431 0 166 255
0.1875 0.46875 -0.08921568627450979 0 164 255
0.1875 0.5 -0.0911764705882353 0 162 255
0.1875 0.53125 -0.08921568627450979 0 164 255
0.1875 0.5625 -0.08725490196078431 0 166 255
0.1875 0.59375 -0.08137254901960783 0 172 255
0.1875 0.625 -0.07156862745098039 0 182 255
0.1875 0.65625 -0.061764705882352944 0 192 255
0.1875 0.6875 -0.048039215686274506 0 206 255
0.1875 0.71875 -0.03431372549019607 0 220 255
0.1875 0.75 -0.016666666666666663 0 238 255
0.1875 0.78125 0.0009803921568627416 1 255 254
0.1875 0.8125 0.02058823529411763 21 255 234
0.1875 0.84375 0.04019607843137257 41 255 214
0.1875 0.875 0.05980392156862746 61 255 194
0.1875 0.90625 0.07745098039215687 79 255 176
0.1875 0.9375 0.09313725490196079 95 255 160
0.1875 0.96875 0.10686274509803922 109 255 146
0.1875 1 0.11470588235294116 117 255 138
0.21875 -1 0.12254901960784315 125 255 130
0.21875 -0.96875 0.13823529411764707 141 255 114
0.21875 -0.9375 0.146078431372549 149 255 106
0.21875 -0.90625 0.14803921568627448 151 255 104
0.21875 -0.875 0.14019607843137255 143 255 112
0.21875 -0.84375 0.1264705882352941 129 255 126
0.21875 -0.8125 0.10490196078431374 107 255 148
0.21875 -0.78125 0.07549019607843138 77 255 178
0.21875 -0.75 0.042156862745098056 43 255 212
0.21875 -0.71875 0.002941176470588225 3 255 252
0.21875 -0.6875 -0.03627450980392158 0 218 255
0.21875 -0.65625 -0.07352941176470587 0 180 255
0.21875 -0.625 -0.10882352941176471 0 144 255
0.21875 -0.59375 -0.14019607843137255 0 112 255
0.21875 -0.5625 -0.16176470588235292 0 90 255
0.21875 -0.53125 -0.17745098039215684 0 74 255
0.21875 -0.5 -0.18137254901960784 0 70 255
0.21875 -0.46875 -0.17745098039215684 0 74 255
0.21875 -0.4375 -0.16176470588235292 0 90 255
0.21875 -0.40625 -0.14019607843137255 0 112 255
0.21875 -0.375 -0.10882352941176471 0 144 255
0.21875 -0.34375 -0.07352941176470587 0 180 255
0.21875 -0.3125 -0.03627450980392158 0 218 255
0.21875 -0.28125 0.002941176470588225 3 255 252
0.21875 -0.25 0.042156862745098056 43 255 212
0.21875 -0.21875 0.07549019607843138 77 255 178
0.21875 -0.1875 0.10490196078431374 107 255 148
0.21875 -0.15625 0.1264705882352941 129 255 126
0.21875 -0.125 0.14019607843137255 143 255 112
0.21875 -0.09375 0.14803921568627448 151 255 104
0.21875 -0.0625 0.146078431372549 149 255 106
0.21875 -0.03125 0.13823529411764707 141 255 114
0.21875 0 0.12254901960784315 125 255 130
0.21875 0.03125 0.10294117647058826 105 255 150
0.21875 0.0625 0.08137254901960783 83 255 172
0.21875 0.09375 0.055882352941176494 57 255 198
0.21875 0.125 0.032352941176470584 33 255 222
0.21875 0.15625 0.00882352941176473 9 255 246
0.21875 0.1875 -0.010784313725490186 0 244 255
0.21875 0.21875 -0.028431372549019618 0 226 255
0.21875 0.25 -0.04215686274509803 0 212 255
0.21875 0.28125 -0.0519607843137255 0 202 255
0.21875 0.3125 -0.05784313725490195 0 196 255
0.21875 0.34375 -0.061764705882352944 0 192 255
0.21875 0.375 -0.06372549019607843 0 190 255
0.21875 0.40625 -0.06372549019607843 0 190 255
0.21875 0.4375 -0.06372549019607843 0 190 255
0.21875 0.46875 -0.06372549019607843 0 190 255
0.21875 0.5 -0.06372549019607843 0 190 255
0.21875 0.53125 -0.06372549019607843 0 190 255
0.21875 0.5625 -0.06372549019607843 0 190 255
0.21875 0.59375 -0.06372549019607843 0 190 255
0.21875 0.625 -0.06372549019607843 0 190 255
0.21875 0.65625 -0.061764705882352944 0 192 255
0.21875 0.6875 -0.05784313725490195 0 196 255
0.21875 0.71875 -0.0519607843137255 0 202 255
0.21875 0.75 -0.04215686274509803 0 212 255
0.21875 0.78125 -0.028431372549019618 0 226 255
0.21875 0.8125 -0.010784313725490186 0 244 255
0.21875 0.84375 0.00882352941176473 9 255 246
0.21875 0.875 0.032352941176470584 33 255 222
0.21875 0.90625 0.055882352941176494 57 255 198
0.21875 0.9375 0.08137254901960783 83 255 172
0.21875 0.96875 0.10294117647058826 105 255 150
0.21875 1 0.12254901960784315 125 255 130
0.25 -1 0.12450980392156863 127 255 128
0.25 -0.96875 0.14803921568627448 151 255 104
0.25 -0.9375 0.1637254901960784 167 255 88
0.25 -0.90625 0.1715686274509804 175 255 80
0.25 -0.875 0.1696078431372549 173 255 82
0.25 -0.84375 0.15784313725490196 161 255 94
0.25 -0.8125 0.1343137254901961 137 255 118
0.25 -0.78125 0.10294117647058826 105 255 150
0.25 -0.75 0.061764705882352944 63 255 192
0.25 -0.71875 0.016666666666666663 17 255 238
0.25 -0.6875 -0.0303921568627451 0 224 255
0.25 -0.65625 -0.07745098039215687 0 176 255
0.25 -0.625 -0.12254901960784315 0 130 255
0.25 -0.59375 -0.15980392156862744 0 92 255
0.25 -0.5625 -0.1892156862745098 0 62 255
0.25 -0.53125 -0.2068627450980392 0 44 255
0.25 -0.5 -0.21274509803921568 0 38 255
0.25 -0.46875 -0.2068627450980392 0 44 255
0.25 -0.4375 -0.1892156862745098 0 62 255
0.25 -0.40625 -0.15980392156862744 0 92 255
0.25 -0.375 -0.12254901960784315 0 130 255
0.25 -0.34375 -0.07745098039215687 0 176 255
0.25 -0.3125 -0.0303921568627451 0 224 255
0.25 -0.28125 0.016666666666666663 17 255 238
0.25 -0.25 0.061764705882352944 63 255 192
0.25 -0.21875 0.10294117647058826 105 255 150
0.25 -0.1875 0.1343137254901961 137 255 118
0.25 -0.15625 0.15784313725490196 161 255 94
0.25 -0.125 0.1696078431372549 173 255 82
0.25 -0.09375 0.1715686274509804 175 255 80
0.25 -0.0625 0.1637254901960784 167 255 88
0.25 -0.03125 0.14803921568627448 151 255 104
0.25 0 0.12450980392156863 127 255 128
0.25 0.03125 0.09705882352941175 99 255 156
0.25 0.0625 0.06568627450980391 67 255 188
0.25 0.09375 0.03627450980392155 37 255 218
0.25 0.125 0.006862745098039191 7 255 248
0.25 0.15625 -0.018627450980392146 0 236 255
0.25 0.1875 -0.03823529411764706 0 216 255
0.25 0.21875 -0.05392156862745098 0 200 255
0.25 0.25 -0.061764705882352944 0 192 255
0.25 0.28125 -0.06568627450980391 0 188 255
0.25 0.3125 -0.06568627450980391 0 188 255
0.25 0.34375 -0.05980392156862746 0 194 255
0.25 0.375 -0.05392156862745098 0 200 255
0.25 0.40625 -0.048039215686274506 0 206 255
0.25 0.4375 -0.04215686274509803 0 212 255
0.25 0.46875 -0.03823529411764706 0 216 255
0.25 0.5 -0.03627450980392158 0 218 255
0.25 0.53125 -0.03823529411764706 0 216 255
0.25 0.5625 -0.04215686274509803 0 212 255
0.25 0.59375 -0.048039215686274506 0 206 255
0.25 0.625 -0.05392156862745098 0 200 255
0.25 0.65625 -0.05980392156862746 0 194 255
0.25 0.6875 -0.06568627450980391 0 188 255
0.25 0.71875 -0.06568627450980391 0 188 255
0.25 0.75 -0.061764705882352944 0 192 255
0.25 0.78125 -0.05392156862745098 0 200 255
0.25 0.8125 -0.03823529411764706 0 216 255
0.25 0.84375 -0.018627450980392146 0 236 255
0.25 0.875 0.006862745098039191 7 255 248
0.25 0.90625 0.03627450980392155 37 255 218
0.25 0.9375 0.06568627450980391 67 255 188
0.25 0.96875 0.09705882352941175 99 255 156
0.25 1 0.12450980392156863 127 255 128
0.28125 -1 0.12254901960784315 125 255 130
0.28125 -0.96875 0.1519607843137255 155 255 100
0.28125 -0.9375 0.17549019607843136 179 255 76
0.28125 -0.90625 0.18725490196078431 191 255 64
0.28125 -0.875 0.1892156862745098 193 255 62
0.28125 -0.84375 0.17745098039215684 181 255 74
0.28125 -0.8125 0.15588235294117647 159 255 96
0.28125 -0.78125 0.12058823529411766 123 255 132
0.28125 -0.75 0.07745098039215687 79 255 176
0.28125 -0.71875 0.028431372549019618 29 255 226
0.28125 -0.6875 -0.024509803921568624 0 230 255
0.28125 -0.65625 -0.07941176470588235 0 174 255
0.28125 -0.625 -0.1284313725490196 0 124 255
0.28125 -0.59375 -0.1715686274509804 0 80 255
0.28125 -0.5625 -0.20490196078431372 0 46 255
0.28125 -0.53125 -0.22647058823529412 0 24 255
0.28125 -0.5 -0.2323529411764706 0 18 255
0.28125 -0.46875 -0.22647058823529412 0 24 255
0.28125 -0.4375 -0.20490196078431372 0 46 255
0.28125 -0.40625 -0.1715686274509804 0 80 255
0.28125 -0.375 -0.1284313725490196 0 124 255
0.28125 -0.34375 -0.07941176470588235 0 174 255
0.28125 -0.3125 -0.024509803921568624 0 230 255
0.28125 -0.28125 0.028431372549019618 29 255 226
0.28125 -0.25 0.07745098039215687 79 255 176
0.28125 -0.21875 0.12058823529411766 123 255 132
0.28125 -0.1875 0.15588235294117647 159 255 96
0.28125 -0.15625 0.17745098039215684 181 255 74
0.28125 -0.125 0.1892156862745098 193 255 62
0.28125 -0.09375 0.18725490196078431 191 255 64
0.28125 -0.0625 0.17549019607843136 179 255 76
0.28125 -0.03125 0.1519607843137255 155 255 100
0.28125 0 0.12254901960784315 125 255 130
0.28125 0.03125 0.08921568627450982 91 255 164
0.28125 0.0625 0.05196078431372547 53 255 202
0.28125 0.09375 0.016666666666666663 17 255 238
0.28125 0.125 -0.01470588235294118 0 240 255
0.28125 0.15625 -0.04215686274509803 0 212 255
0.28125 0.1875 -0.061764705882352944 0 192 255
0.28125 0.21875 -0.07352941176470587 0 180 255
0.28125 0.25 -0.07745098039215687 0 176 255
0.28125 0.28125 -0.07549019607843138 0 178 255
0.28125 0.3125 -0.06764705882352942 0 186 255
0.28125 0.34375 -0.05784313725490195 0 196 255
0.28125 0.375 -0.04411764705882354 0 210 255
0.28125 0.40625 -0.032352941176470584 0 222 255
0.28125 0.4375 -0.02254901960784314 0 232 255
0.28125 0.46875 -0.01470588235294118 0 240 255
0.28125 0.5 -0.012745098039215697 0 242 255
0.28125 0.53125 -0.01470588235294118 0 240 255
0.28125 0.5625 -0.02254901960784314 0 232 255
0.28125 0.59375 -0.032352941176470584 0 222 255
0.28125 0.625 -0.04411764705882354 0 210 255
0.28125 0.65625 -0.05784313725490195 0 196 255
0.28125 0.6875 -0.06764705882352942 0 186 255
0.28125 0.71875 -0.07549019607843138 0 178 255
0.28125 0.75 -0.07745098039215687 0 176 255
0.28125 0.78125 -0.07352941176470587 0 180 255
0.28125 0.8125 -0.061764705882352944 0 192 255
0.28125 0.84375 -0.04215686274509803 0 212 255
0.28125 0.875 -0.01470588235294118 0 240 255
0.28125 0.90625 0.016666666666666663 17 255 238
0.28125 0.9375 0.05196078431372547 53 255 202
0.28125 0.96875 0.08921568627450982 91 255 164
0.28125 1 0.12254901960784315 125 255 130
0.3125 -1 0.11470588235294116 117 255 138
0.3125 -0.96875 0.14803921568627448 151 255 104
0.3125 -0.9375 0.17549019607843136 179 255 76
0.3125 -0.90625 0.19117647058823528 195 255 60
0.3125 -0.875 0.19509803921568625 199 255 56
0.3125 -0.84375 0.18529411764705883 189 255 66
0.3125 -0.8125 0.1637254901960784 167 255 88
0.3125 -0.78125 0.13039215686274508 133 255 122
0.3125 -0.75 0.08725490196078434 89 255 166
0.3125 -0.71875 0.03431372549019607 35 255 220
0.3125 -0.6875 -0.020588235294117657 0 234 255
0.3125 -0.65625 -0.07549019607843138 0 178 255
0.3125 -0.625 -0.1284313725490196 0 124 255
0.3125 -0.59375 -0.17352941176470588 0 78 255
0.3125 -0.5625 -0.2088235294117647 0 42 255
0.3125 -0.53125 -0.2303921568627451 0 20 255
0.3125 -0.5 -0.23823529411764705 0 12 255
0.3125 -0.46875 -0.2303921568627451 0 20 255
0.3125 -0.4375 -0.2088235294117647 0 42 255
0.3125 -0.40625 -0.17352941176470588 0 78 255
0.3125 -0.375 -0.1284313725490196 0 124 255
0.3125 -0.34375 -0.07549019607843138 0 178 255
0.3125 -0.3125 -0.020588235294117657 0 234 255
0.3125 -0.28125 0.03431372549019607 35 255 220
0.3125 -0.25 0.08725490196078434 89 255 166
0.3125 -0.21875 0.13039215686274508 133 255 122
0.3125 -0.1875 0.1637254901960784 167 255 88
0.3125 -0.15625 0.18529411764705883 189 255 66
0.3125 -0.125 0.19509803921568625 199 255 56
0.3125 -0.09375 0.19117647058823528 195 255 60
0.3125 -0.0625 0.17549019607843136 179 255 76
0.3125 -0.03125 0.14803921568627448 151 255 104
0.3125 0 0.11470588235294116 117 255 138
0.3125 0.03125 0.07745098039215687 79 255 176
0.3125 0.0625 0.038235294117647034 39 255 216
0.3125 0.09375 0.0009803921568627416 1 255 254
0.3125 0.125 -0.032352941176470584 0 222 255
0.3125 0.15625 -0.05784313725490195 0 196 255
0.3125 0.1875 -0.07549019607843138 0 178 255
0.3125 0.21875 -0.08529411764705883 0 168 255
0.3125 0.25 -0.08725490196078431 0 166 255
0.3125 0.28125 -0.07941176470588235 0 174 255
0.3125 0.3125 -0.06764705882352942 0 186 255
0.3125 0.34375 -0.0519607843137255 0 202 255
0.3125 0.375 -0.03431372549019607 0 220 255
0.3125 0.40625 -0.018627450980392146 0 236 255
0.3125 0.4375 -0.004901960784313736 0 250 255
0.3125 0.46875 0.004901960784313708 5 255 250
0.3125 0.5 0.006862745098039191 7 255 248
0.3125 0.53125 0.004901960784313708 5 255 250
0.3125 0.5625 -0.004901960784313736 0 250 255
0.3125 0.59375 -0.018627450980392146 0 236 255
0.3125 0.625 -0.03431372549019607 0 220 255
0.3125 0.65625 -0.0519607843137255 0 202 255
0.3125 0.6875 -0.06764705882352942 0 186 255
0.3125 0.71875 -0.07941176470588235 0 174 255
0.3125 0.75 -0.08725490196078431 0 166 255
0.3125 0.78125 -0.08529411764705883 0 168 255
0.3125 0.8125 -0.07549019607843138 0 178 255
0.3125 0.84375 -0.05784313725490195 0 196 255
0.3125 0.875 -0.032352941176470584 0 222 255
0.3125 0.90625 0.0009803921568627416 1 255 254
0.3125 0.9375 0.038235294117647034 39 255 216
0.3125 0.96875 0.07745098039215687 79 255 176
0.3125 1 0.11470588235294116 117 255 138
0.34375 -1 0.10490196078431374 107 255 148
0.34375 -0.96875 0.13823529411764707 141 255 114
0.34375 -0.9375 0.16568627450980394 169 255 86
0.34375 -0.90625 0.18333333333333335 187 255 68
0.34375 -0.875 0.1892156862745098 193 255 62
0.34375 -0.84375 0.18137254901960786 185 255 70
0.34375 -0.8125 0.16176470588235292 165 255 90
0.34375 -0.78125 0.13039215686274508 133 255 122
0.34375 -0.75 0.08725490196078434 89 255 166
0.34375 -0.71875 0.038235294117647034 39 255 216
0.34375 -0.6875 -0.01470588235294118 0 240 255
0.34375 -0.65625 -0.0696078431372549 0 184 255
0.34375 -0.625 -0.12058823529411763 0 132 255
0.34375 -0.59375 -0.16568627450980392 0 86 255
0.34375 -0.5625 -0.19901960784313727 0 52 255
0.34375 -0.53125 -0.22058823529411764 0 30 255
0.34375 -0.5 -0.2284313725490196 0 22 255
0.34375 -0.46875 -0.22058823529411764 0 30 255
0.34375 -0.4375 -0.19901960784313727 0 52 255
0.34375 -0.40625 -0.16568627450980392 0 86 255
0.34375 -0.375 -0.12058823529411763 0 132 255
0.34375 -0.34375 -0.0696078431372549 0 184 255
0.34375 -0.3125 -0.01470588235294118 0 240 255
0.34375 -0.28125 0.038235294117647034 39 255 216
0.34375 -0.25 0.08725490196078434 89 255 166
0.34375 -0.21875 0.13039215686274508 133 255 122
0.34375 -0.1875 0.16176470588235292 165 255 90
0.34375 -0.15625 0.18137254901960786 185 255 70
0.34375 -0.125 0.1892156862745098 193 255 62
0.34375 -0.09375 0.18333333333333335 187 255 68
0.34375 -0.0625 0.16568627450980394 169 255 86
0.34375 -0.03125 0.13823529411764707 141 255 114
0.34375 0 0.10490196078431374 107 255 148
0.34375 0.03125 0.06568627450980391 67 255 188
0.34375 0.0625 0.026470588235294135 27 255 228
0.34375 0.09375 -0.008823529411764702 0 246 255
0.34375 0.125 -0.04215686274509803 0 212 255
0.34375 0.15625 -0.06568627450980391 0 188 255
0.34375 0.1875 -0.08137254901960783 0 172 255
0.34375 0.21875 -0.08921568627450979 0 164 255
0.34375 0.25 -0.08725490196078431 0 166 255
0.34375 0.28125 -0.07941176470588235 0 174 255
0.34375 0.3125 -0.06372549019607843 0 190 255
0.34375 0.34375 -0.04607843137254902 0 208 255
0.34375 0.375 -0.026470588235294107 0 228 255
0.34375 0.40625 -0.006862745098039219 0 248 255
0.34375 0.4375 0.006862745098039191 7 255 248
0.34375 0.46875 0.016666666666666663 17 255 238
0.34375 0.5 0.02058823529411763 21 255 234
0.34375 0.53125 0.016666666666666663 17 255 238
0.34375 0.5625 0.006862745098039191 7 255 248
0.34375 0.59375 -0.006862745098039219 0 248 255
0.34375 0.625 -0.026470588235294107 0 228 255
0.34375 0.65625 -0.04607843137254902 0 208 255
0.34375 0.6875 -0.06372549019607843 0 190 255
0.34375 0.71875 -0.07941176470588235 0 174 255
0.34375 0.75 -0.08725490196078431 0 166 255
0.34375 0.78125 -0.08921568627450979 0 164 255
0.34375 0.8125 -0.08137254901960783 0 172 255
0.34375 0.84375 -0.06568627450980391 0 188 255
0.34375 0.875 -0.04215686274509803 0 212 255
0.34375 0.90625 -0.008823529411764702 0 246 255
0.34375 0.9375 0.026470588235294135 27 255 228
0.34375 0.96875 0.06568627450980391 67 255 188
0.34375 1 0.10490196078431374 107 255 148
0.375 -1 0.08921568627450982 91 255 164
0.375 -0.96875 0.12058823529411766 123 255 132
0.375 -0.9375 0.146078431372549 149 255 106
0.375 -0.90625 0.1637254901960784 167 255 88
0.375 -0.875 0.1696078431372549 173 255 82
0.375 -0.84375 0.1637254901960784 167 255 88
0.375 -0.8125 0.14803921568627448 151 255 104
0.375 -0.78125 0.11862745098039218 121 255 134
0.375 -0.75 0.08137254901960783 83 255 172
0.375 -0.71875 0.03627450980392155 37 255 218
0.375 -0.6875 -0.010784313725490186 0 244 255
0.375 -0.65625 -0.05980392156862746 0 194 255
0.375 -0.625 -0.10686274509803922 0 146 255
0.375 -0.59375 -0.146078431372549 0 106 255
0.375 -0.5625 -0.17745098039215684 0 74 255
0.375 -0.53125 -0.19705882352941176 0 54 255
0.375 -0.5 -0.20294117647058824 0 48 255
0.375 -0.46875 -0.19705882352941176 0 54 255
0.375 -0.4375 -0.17745098039215684 0 74 255
0.375 -0.40625 -0.146078431372549 0 106 255
0.375 -0.375 -0.10686274509803922 0 146 255
0.375 -0.34375 -0.05980392156862746 0 194 255
0.375 -0.3125 -0.010784313725490186 0 244 255
0.375 -0.28125 0.03627450980392155 37 255 218
0.375 -0.25 0.08137254901960783 83 255 172
0.375 -0.21875 0.11862745098039218 121 255 134
0.375 -0.1875 0.14803921568627448 151 255 104
0.375 -0.15625 0.1637254901960784 167 255 88
0.375 -0.125 0.1696078431372549 173 255 82
0.375 -0.09375 0.1637254901960784 167 255 88
0.375 -0.0625 0.146078431372549 149 255 106
0.375 -0.03125 0.12058823529411766 123 255 132
0.375 0 0.08921568627450982 91 255 164
0.375 0.03125 0.053921568627450955 55 255 200
0.375 0.0625 0.016666666666666663 17 255 238
0.375 0.09375 -0.016666666666666663 0 238 255
0.375 0.125 -0.04411764705882354 0 210 255
0.375 0.15625 -0.06568627450980391 0 188 255
0.375 0.1875 -0.07941176470588235 0 174 255
0.375 0.21875 -0.08529411764705883 0 168 255
0.375 0.25 -0.08137254901960783 0 172 255
0.375 0.28125 -0.07156862745098039 0 182 255
0.375 0.3125 -0.055882352941176466 0 198 255
0.375 0.34375 -0.03823529411764706 0 216 255
0.375 0.375 -0.018627450980392146 0 236 255
0.375 0.40625 -0.0009803921568627416 0 254 255
0.375 0.4375 0.01470588235294118 15 255 240
0.375 0.46875 0.02450980392156865 25 255 230
0.375 0.5 0.026470588235294135 27 255 228
0.375 0.53125 0.02450980392156865 25 255 230
0.375 0.5625 0.01470588235294118 15 255 240
0.375 0.59375 -0.0009803921568627416 0 254 255
0.375 0.625 -0.018627450980392146 0 236 255
0.375 0.65625 -0.03823529411764706 0 216 255
0.375 0.6875 -0.055882352941176466 0 198 255
0.375 0.71875 -0.07156862745098039 0 182 255
0.375 0.75 -0.08137254901960783 0 172 255
0.375 0.78125 -0.08529411764705883 0 168 255
0.375 0.8125 -0.07941176470588235 0 174 255
0.375 0.84375 -0.06568627450980391 0 188 255
0.375 0.875 -0.04411764705882354 0 210 255
0.375 0.90625 -0.016666666666666663 0 238 255
0.375 0.9375 0.016666666666666663 17 255 238
0.375 0.96875 0.053921568627450955 55 255 200
0.375 1 0.08921568627450982 91 255 164
0.40625 -1 0.06960784313725488 71 255 184
0.40625 -0.96875 0.09705882352941175 99 255 156
0.40625 -0.9375 0.11862745098039218 121 255 134
0.40625 -0.90625 0.13235294117647056 135 255 120
0.40625 -0.875 0.13823529411764707 141 255 114
0.40625 -0.84375 0.1343137254901961 137 255 118
0.40625 -0.8125 0.12058823529411766 123 255 132
0.40625 -0.78125 0.09901960784313724 101 255 154
0.40625 -0.75 0.0676470588235294 69 255 186
0.40625 -0.71875 0.032352941176470584 33 255 222
0.40625 -0.6875 -0.006862745098039219 0 248 255
0.40625 -0.65625 -0.048039215686274506 0 206 255
0.40625 -0.625 -0.08529411764705883 0 168 255
0.40625 -0.59375 -0.11862745098039215 0 134 255
0.40625 -0.5625 -0.14411764705882352 0 108 255
0.40625 -0.53125 -0.15980392156862744 0 92 255
0.40625 -0.5 -0.16568627450980392 0 86 255
0.40625 -0.46875 -0.15980392156862744 0 92 255
0.40625 -0.4375 -0.14411764705882352 0 108 255
0.40625 -0.40625 -0.11862745098039215 0 134 255
0.40625 -0.375 -0.08529411764705883 0 168 255
0.40625 -0.34375 -0.048039215686274506 0 206 255
0.40625 -0.3125 -0.006862745098039219 0 248 255
0.40625 -0.28125 0.032352941176470584 33 255 222
0.40625 -0.25 0.0676470588235294 69 255 186
0.40625 -0.21875 0.09901960784313724 101 255 154
0.40625 -0.1875 0.12058823529411766 123 255 132
0.40625 -0.15625 0.1343137254901961 137 255 118
0.40625 -0.125 0.13823529411764707 141 255 114
0.40625 -0.09375 0.13235294117647056 135 255 120
0.40625 -0.0625 0.11862745098039218 121 255 134
0.40625 -0.03125 0.09705882352941175 99 255 156
0.40625 0 0.06960784313725488 71 255 184
0.40625 0.03125 0.04019607843137257 41 255 214
0.40625 0.0625 0.010784313725490213 11 255 244
0.40625 0.09375 -0.016666666666666663 0 238 255
0.40625 0.125 -0.040196078431372545 0 214 255
0.40625 0.15625 -0.05784313725490195 0 196 255
0.40625 0.1875 -0.06764705882352942 0 186 255
0.40625 0.21875 -0.07156862745098039 0 182 255
0.40625 0.25 -0.06764705882352942 0 186 255
0.40625 0.28125 -0.05980392156862746 0 194 255
0.40625 0.3125 -0.04607843137254902 0 208 255
0.40625 0.34375 -0.028431372549019618 0 226 255
0.40625 0.375 -0.012745098039215697 0 242 255
0.40625 0.40625 0.002941176470588225 3 255 252
0.40625 0.4375 0.016666666666666663 17 255 238
0.40625 0.46875 0.02450980392156865 25 255 230
0.40625 0.5 0.026470588235294135 27 255 228
0.40625 0.53125 0.02450980392156865 25 255 230
0.40625 0.5625 0.016666666666666663 17 255 238
0.40625 0.59375 0.002941176470588225 3 255 252
0.40625 0.625 -0.012745098039215697 0 242 255
0.40625 0.65625 -0.028431372549019618 0 226 255
0.40625 0.6875 -0.04607843137254902 0 208 255
0.40625 0.71875 -0.05980392156862746 0 194 255
0.40625 0.75 -0.06764705882352942 0 186 255
0.40625 0.78125 -0.07156862745098039 0 182 255
0.40625 0.8125 -0.06764705882352942 0 186 255
0.40625 0.84375 -0.05784313725490195 0 196 255
0.40625 0.875 -0.040196078431372545 0 214 255
0.40625 0.90625 -0.016666666666666663 0 238 255
0.40625 0.9375 0.010784313725490213 11 255 244
0.40625 0.96875 0.04019607843137257 41 255 214
0.40625 1 0.06960784313725488 71 255 184
0.4375 -1 0.048039215686274506 49 255 206
0.4375 -0.96875 0.0676470588235294 69 255 186
0.4375 -0.9375 0.08333333333333331 85 255 170
0.4375 -0.90625 0.09313725490196079 95 255 160
0.4375 -0.875 0.09705882352941175 99 255 156
0.4375 -0.84375 0.09509803921568627 97 255 158
0.4375 -0.8125 0.08725490196078434 89 255 166
0.4375 -0.78125 0.06960784313725488 71 255 184
0.4375 -0.75 0.04999999999999999 51 255 204
0.4375 -0.71875 0.022549019607843113 23 255 232
0.4375 -0.6875 -0.004901960784313736 0 250 255
0.4375 -0.65625 -0.03431372549019607 0 220 255
0.4375 -0.625 -0.05980392156862746 0 194 255
0.4375 -0.59375 -0.08333333333333334 0 170 255
0.4375 -0.5625 -0.10098039215686275 0 152 255
0.4375 -0.53125 -0.11274509803921567 0 140 255
0.4375 -0.5 -0.11666666666666667 0 136 255
0.4375 -0.46875 -0.11274509803921567 0 140 255
0.4375 -0.4375 -0.10098039215686275 0 152 255
0.4375 -0.40625 -0.08333333333333334 0 170 255
0.4375 -0.375 -0.05980392156862746 0 194 255
0.4375 -0.34375 -0.03431372549019607 0 220 255
0.4375 -0.3125 -0.004901960784313736 0 250 255
0.4375 -0.28125 0.022549019607843113 23 255 232
0.4375 -0.25 0.04999999999999999 51 255 204
0.4375 -0.21875 0.06960784313725488 71 255 184
0.4375 -0.1875 0.08725490196078434 89 255 166
0.4375 -0.15625 0.09509803921568627 97 255 158
0.4375 -0.125 0.09705882352941175 99 255 156
0.4375 -0.09375 0.09313725490196079 95 255 160
0.4375 -0.0625 0.08333333333333331 85 255 170
0.4375 -0.03125 0.0676470588235294 69 255 186
0.4375 0 0.048039215686274506 49 255 206
0.4375 0.03125 0.026470588235294135 27 255 228
0.4375 0.0625 0.004901960784313708 5 255 250
0.4375 0.09375 -0.01470588235294118 0 240 255
0.4375 0.125 -0.0303921568627451 0 224 255
0.4375 0.15625 -0.04215686274509803 0 212 255
0.4375 0.1875 -0.04999999999999999 0 204 255
0.4375 0.21875 -0.0519607843137255 0 202 255
0.4375 0.25 -0.04999999999999999 0 204 255
0.4375 0.28125 -0.04215686274509803 0 212 255
0.4375 0.3125 -0.032352941176470584 0 222 255
0.4375 0.34375 -0.020588235294117657 0 234 255
0.4375 0.375 -0.006862745098039219 0 248 255
0.4375 0.40625 0.004901960784313708 5 255 250
0.4375 0.4375 0.012745098039215697 13 255 242
0.4375 0.46875 0.018627450980392146 19 255 236
0.4375 0.5 0.022549019607843113 23 255 232
0.4375 0.53125 0.018627450980392146 19 255 236
0.4375 0.5625 0.012745098039215697 13 255 242
0.4375 0.59375 0.004901960784313708 5 255 250
0.4375 0.625 -0.006862745098039219 0 248 255
0.4375 0.65625 -0.020588235294117657 0 234 255
0.4375 0.6875 -0.032352941176470584 0 222 255
0.4375 0.71875 -0.04215686274509803 0 212 255
0.4375 0.75 -0.04999999999999999 0 204 255
0.4375 0.78125 -0.0519607843137255 0 202 255
0.4375 0.8125 -0.04999999999999999 0 204 255
0.4375 0.84375 -0.04215686274509803 0 212 255
0.4375 0.875 -0.0303921568627451 0 224 255
0.4375 0.90625 -0.01470588235294118 0 240 255
0.4375 0.9375 0.004901960784313708 5 255 250
0.4375 0.96875 0.026470588235294135 27 255 228
0.4375 1 0.048039215686274506 49 255 206
0.46875 -1 0.02450980392156865 25 255 230
0.46875 -0.96875 0.03431372549019607 35 255 220
0.46875 -0.9375 0.042156862745098056 43 255 212
0.46875 -0.90625 0.048039215686274506 49 255 206
0.46875 -0.875 0.04999999999999999 51 255 204
0.46875 -0.84375 0.04999999999999999 51 255 204
0.46875 -0.8125 0.04411764705882354 45 255 210
0.46875 -0.78125 0.03627450980392155 37 255 218
0.46875 -0.75 0.026470588235294135 27 255 228
0.46875 -0.71875 0.012745098039215697 13 255 242
0.46875 -0.6875 -0.002941176470588225 0 252 255
0.46875 -0.65625 -0.016666666666666663 0 238 255
0.46875 -0.625 -0.0303921568627451 0 224 255
0.46875 -0.59375 -0.04411764705882354 0 210 255
0.46875 -0.5625 -0.0519607843137255 0 202 255
0.46875 -0.53125 -0.05784313725490195 0 196 255
0.46875 -0.5 -0.05980392156862746 0 194 255
0.46875 -0.46875 -0.05784313725490195 0 196 255
0.46875 -0.4375 -0.0519607843137255 0 202 255
0.46875 -0.40625 -0.04411764705882354 0 210 255
0.46875 -0.375 -0.0303921568627451 0 224 255
0.46875 -0.34375 -0.016666666666666663 0 238 255
0.46875 -0.3125 -0.002941176470588225 0 252 255
0.46875 -0.28125 0.012745098039215697 13 255 242
0.46875 -0.25 0.026470588235294135 27 255 228
0.46875 -0.21875 0.03627450980392155 37 255 218
0.46875 -0.1875 0.04411764705882354 45 255 210
0.46875 -0.15625 0.04999999999999999 51 255 204
0.46875 -0.125 0.04999999999999999 51 255 204
0.46875 -0.09375 0.048039215686274506 49 255 206
0.46875 -0.0625 0.042156862745098056 43 255 212
0.46875 -0.03125 0.03431372549019607 35 255 220
0.46875 0 0.02450980392156865 25 255 230
0.46875 0.03125 0.012745098039215697 13 255 242
0.46875 0.0625 0.002941176470588225 3 255 252
0.46875 0.09375 -0.006862745098039219 0 248 255
0.46875 0.125 -0.016666666666666663 0 238 255
0.46875 0.15625 -0.02254901960784314 0 232 255
0.46875 0.1875 -0.026470588235294107 0 228 255
0.46875 0.21875 -0.026470588235294107 0 228 255
0.46875 0.25 -0.026470588235294107 0 228 255
0.46875 0.28125 -0.02254901960784314 0 232 255
0.46875 0.3125 -0.016666666666666663 0 238 255
0.46875 0.34375 -0.010784313725490186 0 244 255
0.46875 0.375 -0.002941176470588225 0 252 255
0.46875 0.40625 0.002941176470588225 3 255 252
0.46875 0.4375 0.006862745098039191 7 255 248
0.46875 0.46875 0.010784313725490213 11 255 244
0.46875 0.5 0.012745098039215697 13 255 242
0.46875 0.53125 0.010784313725490213 11 255 244
0.46875 0.5625 0.006862745098039191 7 255 248
0.46875 0.59375 0.002941176470588225 3 255 252
0.46875 0.625 -0.002941176470588225 0 252 255
0.46875 0.65625 -0.010784313725490186 0 244 255
0.46875 0.6875 -0.016666666666666663 0 238 255
0.46875 0.71875 -0.02254901960784314 0 232 255
0.46875 0.75 -0.026470588235294107 0 228 255
0.46875 0.78125 -0.026470588235294107 0 228 255
0.46875 0.8125 -0.026470588235294107 0 228 255
0.46875 0.84375 -0.02254901960784314 0 232 255
0.46875 0.875 -0.016666666666666663 0 238 255
0.46875 0.90625 -0.006862745098039219 0 248 255
0.46875 0.9375 0.002941176470588225 3 255 252
0.46875 0.96875 0.012745098039215697 13 255 242
0.46875 1 0.02450980392156865 25 255 230
0.5 -1 0.0009803921568627416 1 255 254
0.5 -0.96875 0.0009803921568627416 1 255 254
0.5 -0.9375 0.0009803921568627416 1 255 254
0.5 -0.90625 0.0009803921568627416 1 255 254
0.5 -0.875 0.0009803921568627416 1 255 254
0.5 -0.84375 0.0009803921568627416 1 255 254
0.5 -0.8125 0.0009803921568627416 1 255 254
0.5 -0.78125 0.0009803921568627416 1 255 254
0.5 -0.75 0.0009803921568627416 1 255 254
0.5 -0.71875 0.0009803921568627416 1 255 254
0.5 -0.6875 -0.0009803921568627416 0 254 255
0.5 -0.65625 -0.0009803921568627416 0 254 255
0.5 -0.625 -0.0009803921568627416 0 254 255
0.5 -0.59375 -0.0009803921568627416 0 254 255
0.5 -0.5625 -0.0009803921568627416 0 254 255
0.5 -0.53125 -0.0009803921568627416 0 254 255
0.5 -0.5 -0.0009803921568627416 0 254 255
0.5 -0.46875 -0.0009803921568627416 0 254 255
0.5 -0.4375 -0.0009803921568627416 0 254 255
0.5 -0.40625 -0.0009803921568627416 0 254 255
0.5 -0.375 -0.0009803921568627416 0 254 255
0.5 -0.34375 -0.0009803921568627416 0 254 255
0.5 -0.3125 -0.0009803921568627416 0 254 255
0.5 -0.28125 0.0009803921568627416 1 255 254
0.5 -0.25 0.0009803921568627416 1 255 254
0.5 -0.21875 0.0009803921568627416 1 255 254
0.5 -0.1875 0.0009803921568627416 1 255 254
0.5 -0.15625 0.0009803921568627416 1 255 254
0.5 -0.125 0.0009803921568627416 1 255 254
0.5 -0.09375 0.0009803921568627416 1 255 254
0.5 -0.0625 0.0009803921568627416 1 255 254
0.5 -0.03125 0.0009803921568627416 1 255 254
0.5 0 0.0009803921568627416 1 255 254
0.5 0.03125 0.0009803921568627416 1 255 254
0.5 0.0625 0.0009803921568627416 1 255 254
0.5 0.09375 0.0009803921568627416 1 255 254
0.5 0.125 0.0009803921568627416 1 255 254
0.5 0.15625 -0.0009803921568627416 0 254 255
0.5 0.1875 -0.0009803921568627416 0 254 255
0.5 0.21875 -0.0009803921568627416 0 254 255
0.5 0.25 -0.0009803921568627416 0 254 255
0.5 0.28125 -0.0009803921568627416 0 254 255
0.5 0.3125 -0.0009803921568627416 0 254 255
0.5 0.34375 -0.0009803921568627416 0 254 255
0.5 0.375 0.0009803921568627416 1 255 254
0.5 0.40625 0.0009803921568627416 1 255 254
0.5 0.4375 0.0009803921568627416 1 255 254
0.5 0.46875 0.0009803921568627416 1 255 254
0.5 0.5 0.0009803921568627416 1 255 254
0.5 0.53125 0.0009803921568627416 1 255 254
0.5 0.5625 0.0009803921568627416 1 255 254
0.5 0.59375 0.0009803921568627416 1 255 254
0.5 0.625 0.0009803921568627416 1 255 254
0.5 0.65625 -0.0009803921568627416 0 254 255
0.5 0.6875 -0.0009803921568627416 0 254 255
0.5 0.71875 -0.0009803921568627416 0 254 255
0.5 0.75 -0.0009803921568627416 0 254 255
0.5 0.78125 -0.0009803921568627416 0 254 255
0.5 0.8125 -0.0009803921568627416 0 254 255
0.5 0.84375 -0.0009803921568627416 0 254 255
0.5 0.875 0.0009803921568627416 1 255 254
0.5 0.90625 0.0009803921568627416 1 255 254
0.5 0.9375 0.0009803921568627416 1 255 254
0.5 0.96875 0.0009803921568627416 1 255 254
0.5 1 0.0009803921568627416 1 255 254
0.53125 -1 -0.024509803921568624 0 230 255
0.53125 -0.96875 -0.03431372549019607 0 220 255
0.53125 -0.9375 -0.04215686274509803 0 212 255
0.53125 -0.90625 -0.048039215686274506 0 206 255
0.53125 -0.875 -0.04999999999999999 0 204 255
0.53125 -0.84375 -0.04999999999999999 0 204 255
0.53125 -0.8125 -0.04411764705882354 0 210 255
0.53125 -0.78125 -0.03627450980392158 0 218 255
0.53125 -0.75 -0.026470588235294107 0 228 255
0.53125 -0.71875 -0.012745098039215697 0 242 255
0.53125 -0.6875 0.002941176470588225 3 255 252
0.53125 -0.65625 0.016666666666666663 17 255 238
0.53125 -0.625 0.0303921568627451 31 255 224
0.53125 -0.59375 0.04411764705882354 45 255 210
0.53125 -0.5625 0.05196078431372547 53 255 202
0.53125 -0.53125 0.05784313725490198 59 255 196
0.53125 -0.5 0.05980392156862746 61 255 194
0.53125 -0.46875 0.05784313725490198 59 255 196
0.53125 -0.4375 0.05196078431372547 53 255 202
0.53125 -0.40625 0.04411764705882354 45 255 210
0.53125 -0.375 0.0303921568627451 31 255 224
0.53125 -0.34375 0.016666666666666663 17 255 238
0.53125 -0.3125 0.002941176470588225 3 255 252
0.53125 -0.28125 -0.012745098039215697 0 242 255
0.53125 -0.25 -0.026470588235294107 0 228 255
0.53125 -0.21875 -0.03627450980392158 0 218 255
0.53125 -0.1875 -0.04411764705882354 0 210 255
0.53125 -0.15625 -0.04999999999999999 0 204 255
0.53125 -0.125 -0.04999999999999999 0 204 255
0.53125 -0.09375 -0.048039215686274506 0 206 255
0.53125 -0.0625 -0.04215686274509803 0 212 255
0.53125 -0.03125 -0.03431372549019607 0 220 255
0.53125 0 -0.024509803921568624 0 230 255
0.53125 0.03125 -0.012745098039215697 0 242 255
0.53125 0.0625 -0.002941176470588225 0 252 255
0.53125 0.09375 0.006862745098039191 7 255 248
0.53125 0.125 0.016666666666666663 17 255 238
0.53125 0.15625 0.022549019607843113 23 255 232
0.53125 0.1875 0.026470588235294135 27 255 228
0.53125 0.21875 0.026470588235294135 27 255 228
0.53125 0.25 0.026470588235294135 27 255 228
0.53125 0.28125 0.022549019607843113 23 255 232
0.53125 0.3125 0.016666666666666663 17 255 238
0.53125 0.34375 0.010784313725490213 11 255 244
0.53125 0.375 0.002941176470588225 3 255 252
0.53125 0.40625 -0.002941176470588225 0 252 255
0.53125 0.4375 -0.006862745098039219 0 248 255
0.53125 0.46875 -0.010784313725490186 0 244 255
0.53125 0.5 -0.012745098039215697 0 242 255
0.53125 0.53125 -0.010784313725490186 0 244 255
0.53125 0.5625 -0.006862745098039219 0 248 255
0.53125 0.59375 -0.002941176470588225 0 252 255
0.53125 0.625 0.002941176470588225 3 255 252
0.53125 0.65625 0.010784313725490213 11 255 244
0.53125 0.6875 0.016666666666666663 17 255 238
0.53125 0.71875 0.022549019607843113 23 255 232
0.53125 0.75 0.026470588235294135 27 255 228
0.53125 0.78125 0.026470588235294135 27 255 228
0.53125 0.8125 0.026470588235294135 27 255 228
0.53125 0.84375 0.022549019607843113 23 255 232
0.53125 0.875 0.016666666666666663 17 255 238
0.53125 0.90625 0.006862745098039191 7 255 248
0.53125 0.9375 -0.002941176470588225 0 252 255
0.53125 0.96875 -0.012745098039215697 0 242 255
0.53125 1 -0.024509803921568624 0 230 255
0.5625 -1 -0.048039215686274506 0 206 255
0.5625 -0.96875 -0.06764705882352942 0 186 255
0.5625 -0.9375 -0.08333333333333334 0 170 255
0.5625 -0.90625 -0.09313725490196079 0 160 255
0.5625 -0.875 -0.09705882352941175 0 156 255
0.5625 -0.84375 -0.09509803921568627 0 158 255
0.5625 -0.8125 -0.08725490196078431 0 166 255
0.5625 -0.78125 -0.0696078431372549 0 184 255
0.5625 -0.75 -0.04999999999999999 0 204 255
0.5625 -0.71875 -0.02254901960784314 0 232 255
0.5625 -0.6875 0.004901960784313708 5 255 250
0.5625 -0.65625 0.03431372549019607 35 255 220
0.5625 -0.625 0.05980392156862746 61 255 194
0.5625 -0.59375 0.08333333333333331 85 255 170
0.5625 -0.5625 0.10098039215686272 103 255 152
0.5625 -0.53125 0.11274509803921567 115 255 140
0.5625 -0.5 0.11666666666666664 119 255 136
0.5625 -0.46875 0.11274509803921567 115 255 140
0.5625 -0.4375 0.10098039215686272 103 255 152
0.5625 -0.40625 0.08333333333333331 85 255 170
0.5625 -0.375 0.05980392156862746 61 255 194
0.5625 -0.34375 0.03431372549019607 35 255 220
0.5625 -0.3125 0.004901960784313708 5 255 250
0.5625 -0.28125 -0.02254901960784314 0 232 255
0.5625 -0.25 -0.04999999999999999 0 204 255
0.5625 -0.21875 -0.0696078431372549 0 184 255
0.5625 -0.1875 -0.08725490196078431 0 166 255
0.5625 -0.15625 -0.09509803921568627 0 158 255
0.5625 -0.125 -0.09705882352941175 0 156 255
0.5625 -0.09375 -0.09313725490196079 0 160 255
0.5625 -0.0625 -0.08333333333333334 0 170 255
0.5625 -0.03125 -0.06764705882352942 0 186 255
0.5625 0 -0.048039215686274506 0 206 255
0.5625 0.03125 -0.026470588235294107 0 228 255
0.5625 0.0625 -0.004901960784313736 0 250 255
0.5625 0.09375 0.01470588235294118 15 255 240
0.5625 0.125 0.0303921568627451 31 255 224
0.5625 0.15625 0.042156862745098056 43 255 212
0.5625 0.1875 0.04999999999999999 51 255 204
0.5625 0.21875 0.05196078431372547 53 255 202
0.5625 0.25 0.04999999999999999 51 255 204
0.5625 0.28125 0.042156862745098056 43 255 212
0.5625 0.3125 0.032352941176470584 33 255 222
0.5625 0.34375 0.02058823529411763 21 255 234
0.5625 0.375 0.006862745098039191 7 255 248
0.5625 0.40625 -0.004901960784313736 0 250 255
0.5625 0.4375 -0.012745098039215697 0 242 255
0.5625 0.46875 -0.018627450980392146 0 236 255
0.5625 0.5 -0.02254901960784314 0 232 255
0.5625 0.53125 -0.018627450980392146 0 236 255
0.5625 0.5625 -0.012745098039215697 0 242 255
0.5625 0.59375 -0.004901960784313736 0 250 255
0.5625 0.625 0.006862745098039191 7 255 248
0.5625 0.65625 0.02058823529411763 21 255 234
0.5625 0.6875 0.032352941176470584 33 255 222
0.5625 0.71875 0.042156862745098056 43 255 212
0.5625 0.75 0.04999999999999999 51 255 204
0.5625 0.78125 0.05196078431372547 53 255 202
0.5625 0.8125 0.04999999999999999 51 255 204
0.5625 0.84375 0.042156862745098056 43 255 212
0.5625 0.875 0.0303921568627451 31 255 224
0.5625 0.90625 0.01470588235294118 15 255 240
0.5625 0.9375 -0.004901960784313736 0 250 255
0.5625 0.96875 -0.026470588235294107 0 228 255
0.5625 1 -0.048039215686274506 0 206 255
0.59375 -1 -0.0696078431372549 0 184 255
0.59375 -0.96875 -0.09705882352941175 0 156 255
0.59375 -0.9375 -0.11862745098039215 0 134 255
0.59375 -0.90625 -0.1323529411764706 0 120 255
0.59375 -0.875 -0.13823529411764707 0 114 255
0.59375 -0.84375 -0.13431372549019607 0 118 255
0.59375 -0.8125 -0.12058823529411763 0 132 255
0.59375 -0.78125 -0.09901960784313726 0 154 255
0.59375 -0.75 -0.06764705882352942 0 186 255
0.59375 -0.71875 -0.032352941176470584 0 222 255
0.59375 -0.6875 0.006862745098039191 7 255 248
0.59375 -0.65625 0.048039215686274506 49 255 206
0.59375 -0.625 0.0852941176470588 87 255 168
0.59375 -0.59375 0.11862745098039218 121 255 134
0.59375 -0.5625 0.14411764705882352 147 255 108
0.59375 -0.53125 0.15980392156862744 163 255 92
0.59375 -0.5 0.16568627450980394 169 255 86
0.59375 -0.46875 0.15980392156862744 163 255 92
0.59375 -0.4375 0.14411764705882352 147 255 108
0.59375 -0.40625 0.11862745098039218 121 255 134
0.59375 -0.375 0.0852941176470588 87 255 168
0.59375 -0.34375 0.048039215686274506 49 255 206
0.59375 -0.3125 0.006862745098039191 7 255 248
0.59375 -0.28125 -0.032352941176470584 0 222 255
0.59375 -0.25 -0.06764705882352942 0 186 255
0.59375 -0.21875 -0.09901960784313726 0 154 255
0.59375 -0.1875 -0.12058823529411763 0 132 255
0.59375 -0.15625 -0.13431372549019607 0 118 255
0.59375 -0.125 -0.13823529411764707 0 114 255
0.59375 -0.09375 -0.1323529411764706 0 120 255
0.59375 -0.0625 -0.11862745098039215 0 134 255
0.59375 -0.03125 -0.09705882352941175 0 156 255
0.59375 0 -0.0696078431372549 0 184 255
0.59375 0.03125 -0.040196078431372545 0 214 255
0.59375 0.0625 -0.010784313725490186 0 244 255
0.59375 0.09375 0.016666666666666663 17 255 238
0.59375 0.125 0.04019607843137257 41 255 214
0.59375 0.15625 0.05784313725490198 59 255 196
0.59375 0.1875 0.0676470588235294 69 255 186
0.59375 0.21875 0.07156862745098042 73 255 182
0.59375 0.25 0.0676470588235294 69 255 186
0.59375 0.28125 0.05980392156862746 61 255 194
0.59375 0.3125 0.04607843137254902 47 255 208
0.59375 0.34375 0.028431372549019618 29 255 226
0.59375 0.375 0.012745098039215697 13 255 242
0.59375 0.40625 -0.002941176470588225 0 252 255
0.59375 0.4375 -0.016666666666666663 0 238 255
0.59375 0.46875 -0.024509803921568624 0 230 255
0.59375 0.5 -0.026470588235294107 0 228 255
0.59375 0.53125 -0.024509803921568624 0 230 255
0.59375 0.5625 -0.016666666666666663 0 238 255
0.59375 0.59375 -0.002941176470588225 0 252 255
0.59375 0.625 0.012745098039215697 13 255 242
0.59375 0.65625 0.028431372549019618 29 255 226
0.59375 0.6875 0.04607843137254902 47 255 208
0.59375 0.71875 0.05980392156862746 61 255 194
0.59375 0.75 0.0676470588235294 69 255 186
0.59375 0.78125 0.07156862745098042 73 255 182
0.59375 0.8125 0.0676470588235294 69 255 186
0.59375 0.84375 0.05784313725490198 59 255 196
0.59375 0.875 0.04019607843137257 41 255 214
0.59375 0.90625 0.016666666666666663 17 255 238
0.59375 0.9375 -0.010784313725490186 0 244 255
0.59375 0.96875 -0.040196078431372545 0 214 255
0.59375 1 -0.0696078431372549 0 184 255
0.625 -1 -0.08921568627450979 0 164 255
0.625 -0.96875 -0.12058823529411763 0 132 255
0.625 -0.9375 -0.146078431372549 0 106 255
0.625 -0.90625 -0.16372549019607843 0 88 255
0.625 -0.875 -0.1696078431372549 0 82 255
0.625 -0.84375 -0.16372549019607843 0 88 255
0.625 -0.8125 -0.1480392156862745 0 104 255
0.625 -0.78125 -0.11862745098039215 0 134 255
0.625 -0.75 -0.08137254901960783 0 172 255
0.625 -0.71875 -0.03627450980392158 0 218 255
0.625 -0.6875 0.010784313725490213 11 255 244
0.625 -0.65625 0.05980392156862746 61 255 194
0.625 -0.625 0.10686274509803922 109 255 146
0.625 -0.59375 0.146078431372549 149 255 106
0.625 -0.5625 0.17745098039215684 181 255 74
0.625 -0.53125 0.1970588235294118 201 255 54
0.625 -0.5 0.20294117647058824 207 255 48
0.625 -0.46875 0.1970588235294118 201 255 54
0.625 -0.4375 0.17745098039215684 181 255 74
0.625 -0.40625 0.146078431372549 149 255 106
0.625 -0.375 0.10686274509803922 109 255 146
0.625 -0.34375 0.05980392156862746 61 255 194
0.625 -0.3125 0.010784313725490213 11 255 244
0.625 -0.28125 -0.03627450980392158 0 218 255
0.625 -0.25 -0.08137254901960783 0 172 255
0.625 -0.21875 -0.11862745098039215 0 134 255
0.625 -0.1875 -0.1480392156862745 0 104 255
0.625 -0.15625 -0.16372549019607843 0 88 255
0.625 -0.125 -0.1696078431372549 0 82 255
0.625 -0.09375 -0.16372549019607843 0 88 255
0.625 -0.0625 -0.146078431372549 0 106 255
0.625 -0.03125 -0.12058823529411763 0 132 255
0.625 0 -0.08921568627450979 0 164 255
0.625 0.03125 -0.05392156862745098 0 200 255
0.625 0.0625 -0.016666666666666663 0 238 255
0.625 0.09375 0.016666666666666663 17 255 238
0.625 0.125 0.04411764705882354 45 255 210
0.625 0.15625 0.06568627450980391 67 255 188
0.625 0.1875 0.07941176470588235 81 255 174
0.625 0.21875 0.0852941176470588 87 255 168
0.625 0.25 0.08137254901960783 83 255 172
0.625 0.28125 0.07156862745098042 73 255 182
0.625 0.3125 0.055882352941176494 57 255 198
0.625 0.34375 0.038235294117647034 39 255 216
0.625 0.375 0.018627450980392146 19 255 236
0.625 0.40625 0.0009803921568627416 1 255 254
0.625 0.4375 -0.01470588235294118 0 240 255
0.625 0.46875 -0.024509803921568624 0 230 255
0.625 0.5 -0.026470588235294107 0 228 255
0.625 0.53125 -0.024509803921568624 0 230 255
0.625 0.5625 -0.01470588235294118 0 240 255
0.625 0.59375 0.0009803921568627416 1 255 254
0.625 0.625 0.018627450980392146 19 255 236
0.625 0.65625 0.038235294117647034 39 255 216
0.625 0.6875 0.055882352941176494 57 255 198
0.625 0.71875 0.07156862745098042 73 255 182
0.625 0.75 0.08137254901960783 83 255 172
0.625 0.78125 0.0852941176470588 87 255 168
0.625 0.8125 0.07941176470588235 81 255 174
0.625 0.84375 0.06568627450980391 67 255 188
0.625 0.875 0.04411764705882354 45 255 210
0.625 0.90625 0.016666666666666663 17 255 238
0.625 0.9375 -0.016666666666666663 0 238 255
0.625 0.96875 -0.05392156862745098 0 200 255
0.625 1 -0.08921568627450979 0 164 255
0.65625 -1 -0.10490196078431371 0 148 255
0.65625 -0.96875 -0.13823529411764707 0 114 255
0.65625 -0.9375 -0.16568627450980392 0 86 255
0.65625 -0.90625 -0.18333333333333335 0 68 255
0.65625 -0.875 -0.1892156862745098 0 62 255
0.65625 -0.84375 -0.18137254901960784 0 70 255
0.65625 -0.8125 -0.16176470588235292 0 90 255
0.65625 -0.78125 -0.13039215686274508 0 122 255
0.65625 -0.75 -0.08725490196078431 0 166 255
0.65625 -0.71875 -0.03823529411764706 0 216 255
0.65625 -0.6875 0.01470588235294118 15 255 240
0.65625 -0.65625 0.06960784313725488 71 255 184
0.65625 -0.625 0.12058823529411766 123 255 132
0.65625 -0.59375 0.16568627450980394 169 255 86
0.65625 -0.5625 0.19901960784313727 203 255 52
0.65625 -0.53125 0.22058823529411764 225 255 30
0.65625 -0.5 0.22843137254901963 233 255 22
0.65625 -0.46875 0.22058823529411764 225 255 30
0.65625 -0.4375 0.19901960784313727 203 255 52
0.65625 -0.40625 0.16568627450980394 169 255 86
0.65625 -0.375 0.12058823529411766 123 255 132
0.65625 -0.34375 0.06960784313725488 71 255 184
0.65625 -0.3125 0.01470588235294118 15 255 240
0.65625 -0.28125 -0.03823529411764706 0 216 255
0.65625 -0.25 -0.08725490196078431 0 166 255
0.65625 -0.21875 -0.13039215686274508 0 122 255
0.65625 -0.1875 -0.16176470588235292 0 90 255
0.65625 -0.15625 -0.18137254901960784 0 70 255
0.65625 -0.125 -0.1892156862745098 0 62 255
0.65625 -0.09375 -0.18333333333333335 0 68 255
0.65625 -0.0625 -0.16568627450980392 0 86 255
0.65625 -0.03125 -0.13823529411764707 0 114 255
0.65625 0 -0.10490196078431371 0 148 255
0.65625 0.03125 -0.06568627450980391 0 188 255
0.65625 0.0625 -0.026470588235294107 0 228 255
0.65625 0.09375 0.00882352941176473 9 255 246
0.65625 0.125 0.042156862745098056 43 255 212
0.65625 0.15625 0.06568627450980391 67 255 188
0.65625 0.1875 0.08137254901960783 83 255 172
0.65625 0.21875 0.08921568627450982 91 255 164
0.65625 0.25 0.08725490196078434 89 255 166
0.65625 0.28125 0.07941176470588235 81 255 174
0.65625 0.3125 0.06372549019607843 65 255 190
0.65625 0.34375 0.04607843137254902 47 255 208
0.65625 0.375 0.026470588235294135 27 255 228
0.65625 0.40625 0.006862745098039191 7 255 248
0.65625 0.4375 -0.006862745098039219 0 248 255
0.65625 0.46875 -0.016666666666666663 0 238 255
0.65625 0.5 -0.020588235294117657 0 234 255
0.65625 0.53125 -0.016666666666666663 0 238 255
0.65625 0.5625 -0.006862745098039219 0 248 255
0.65625 0.59375 0.006862745098039191 7 255 248
0.65625 0.625 0.026470588235294135 27 255 228
0.65625 0.65625 0.04607843137254902 47 255 208
0.65625 0.6875 0.06372549019607843 65 255 190
0.65625 0.71875 0.07941176470588235 81 255 174
0.65625 0.75 0.08725490196078434 89 255 166
0.65625 0.78125 0.08921568627450982 91 255 164
0.65625 0.8125 0.08137254901960783 83 255 172
0.65625 0.84375 0.06568627450980391 67 255 188
0.65625 0.875 0.042156862745098056 43 255 212
0.65625 0.90625 0.00882352941176473 9 255 246
0.65625 0.9375 -0.026470588235294107 0 228 255
0.65625 0.96875 -0.06568627450980391 0 188 255
0.65625 1 -0.10490196078431371 0 148 255
0.6875 -1 -0.11470588235294119 0 138 255
0.6875 -0.96875 -0.1480392156862745 0 104 255
0.6875 -0.9375 -0.17549019607843136 0 76 255
0.6875 -0.90625 -0.19117647058823528 0 60 255
0.6875 -0.875 -0.19509803921568628 0 56 255
0.6875 -0.84375 -0.18529411764705883 0 66 255
0.6875 -0.8125 -0.16372549019607843 0 88 255
0.6875 -0.78125 -0.13039215686274508 0 122 255
0.6875 -0.75 -0.08725490196078431 0 166 255
0.6875 -0.71875 -0.03431372549019607 0 220 255
0.6875 -0.6875 0.02058823529411763 21 255 234
0.6875 -0.65625 0.07549019607843138 77 255 178
0.6875 -0.625 0.1284313725490196 131 255 124
0.6875 -0.59375 0.17352941176470588 177 255 78
0.6875 -0.5625 0.20882352941176469 213 255 42
0.6875 -0.53125 0.2303921568627451 235 255 20
0.6875 -0.5 0.23823529411764705 243 255 12
0.6875 -0.46875 0.2303921568627451 235 255 20
0.6875 -0.4375 0.20882352941176469 213 255 42
0.6875 -0.40625 0.17352941176470588 177 255 78
0.6875 -0.375 0.1284313725490196 131 255 124
0.6875 -0.34375 0.07549019607843138 77 255 178
0.6875 -0.3125 0.02058823529411763 21 255 234
0.6875 -0.28125 -0.03431372549019607 0 220 255
0.6875 -0.25 -0.08725490196078431 0 166 255
0.6875 -0.21875 -0.13039215686274508 0 122 255
0.6875 -0.1875 -0.16372549019607843 0 88 255
0.6875 -0.15625 -0.18529411764705883 0 66 255
0.6875 -0.125 -0.19509803921568628 0 56 255
0.6875 -0.09375 -0.19117647058823528 0 60 255
0.6875 -0.0625 -0.17549019607843136 0 76 255
0.6875 -0.03125 -0.1480392156862745 0 104 255
0.6875 0 -0.11470588235294119 0 138 255
0.6875 0.03125 -0.07745098039215687 0 176 255
0.6875 0.0625 -0.03823529411764706 0 216 255
0.6875 0.09375 -0.0009803921568627416 0 254 255
0.6875 0.125 0.032352941176470584 33 255 222
0.6875 0.15625 0.05784313725490198 59 255 196
0.6875 0.1875 0.07549019607843138 77 255 178
0.6875 0.21875 0.0852941176470588 87 255 168
0.6875 0.25 0.08725490196078434 89 255 166
0.6875 0.28125 0.07941176470588235 81 255 174
0.6875 0.3125 0.0676470588235294 69 255 186
0.6875 0.34375 0.05196078431372547 53 255 202
0.6875 0.375 0.03431372549019607 35 255 220
0.6875 0.40625 0.018627450980392146 19 255 236
0.6875 0.4375 0.004901960784313708 5 255 250
0.6875 0.46875 -0.004901960784313736 0 250 255
0.6875 0.5 -0.006862745098039219 0 248 255
0.6875 0.53125 -0.004901960784313736 0 250 255
0.6875 0.5625 0.004901960784313708 5 255 250
0.6875 0.59375 0.018627450980392146 19 255 236
0.6875 0.625 0.03431372549019607 35 255 220
0.6875 0.65625 0.05196078431372547 53 255 202
0.6875 0.6875 0.0676470588235294 69 255 186
0.6875 0.71875 0.07941176470588235 81 255 174
0.6875 0.75 0.08725490196078434 89 255 166
0.6875 0.78125 0.0852941176470588 87 255 168
0.6875 0.8125 0.07549019607843138 77 255 178
0.6875 0.84375 0.05784313725490198 59 255 196
0.6875 0.875 0.032352941176470584 33 255 222
0.6875 0.90625 -0.0009803921568627416 0 254 255
0.6875 0.9375 -0.03823529411764706 0 216 255
0.6875 0.96875 -0.07745098039215687 0 176 255
0.6875 1 -0.11470588235294119 0 138 255
0.71875 -1 -0.12254901960784315 0 130 255
0.71875 -0.96875 -0.1519607843137255 0 100 255
0.71875 -0.9375 -0.17549019607843136 0 76 255
0.71875 -0.90625 -0.18725490196078431 0 64 255
0.71875 -0.875 -0.1892156862745098 0 62 255
0.71875 -0.84375 -0.17745098039215684 0 74 255
0.71875 -0.8125 -0.15588235294117647 0 96 255
0.71875 -0.78125 -0.12058823529411763 0 132 255
0.71875 -0.75 -0.07745098039215687 0 176 255
0.71875 -0.71875 -0.028431372549019618 0 226 255
0.71875 -0.6875 0.02450980392156865 25 255 230
0.71875 -0.65625 0.07941176470588235 81 255 174
0.71875 -0.625 0.1284313725490196 131 255 124
0.71875 -0.59375 0.1715686274509804 175 255 80
0.71875 -0.5625 0.20490196078431372 209 255 46
0.71875 -0.53125 0.2264705882352941 231 255 24
0.71875 -0.5 0.2323529411764706 237 255 18
0.71875 -0.46875 0.2264705882352941 231 255 24
0.71875 -0.4375 0.20490196078431372 209 255 46
0.71875 -0.40625 0.1715686274509804 175 255 80
0.71875 -0.375 0.1284313725490196 131 255 124
0.71875 -0.34375 0.07941176470588235 81 255 174
0.71875 -0.3125 0.02450980392156865 25 255 230
0.71875 -0.28125 -0.028431372549019618 0 226 255
0.71875 -0.25 -0.07745098039215687 0 176 255
0.71875 -0.21875 -0.12058823529411763 0 132 255
0.71875 -0.1875 -0.15588235294117647 0 96 255
0.71875 -0.15625 -0.17745098039215684 0 74 255
0.71875 -0.125 -0.1892156862745098 0 62 255
0.71875 -0.09375 -0.18725490196078431 0 64 255
0.71875 -0.0625 -0.17549019607843136 0 76 255
0.71875 -0.03125 -0.1519607843137255 0 100 255
0.71875 0 -0.12254901960784315 0 130 255
0.71875 0.03125 -0.08921568627450979 0 164 255
0.71875 0.0625 -0.0519607843137255 0 202 255
0.71875 0.09375 -0.016666666666666663 0 238 255
0.71875 0.125 0.01470588235294118 15 255 240
0.71875 0.15625 0.042156862745098056 43 255 212
0.71875 0.1875 0.061764705882352944 63 255 192
0.71875 0.21875 0.0735294117647059 75 255 180
0.71875 0.25 0.07745098039215687 79 255 176
0.71875 0.28125 0.07549019607843138 77 255 178
0.71875 0.3125 0.0676470588235294 69 255 186
0.71875 0.34375 0.05784313725490198 59 255 196
0.71875 0.375 0.04411764705882354 45 255 210
0.71875 0.40625 0.032352941176470584 33 255 222
0.71875 0.4375 0.022549019607843113 23 255 232
0.71875 0.46875 0.01470588235294118 15 255 240
0.71875 0.5 0.012745098039215697 13 255 242
0.71875 0.53125 0.01470588235294118 15 255 240
0.71875 0.5625 0.022549019607843113 23 255 232
0.71875 0.59375 0.032352941176470584 33 255 222
0.71875 0.625 0.04411764705882354 45 255 210
0.71875 0.65625 0.05784313725490198 59 255 196
0.71875 0.6875 0.0676470588235294 69 255 186
0.71875 0.71875 0.07549019607843138 77 255 178
0.71875 0.75 0.07745098039215687 79 255 176
0.71875 0.78125 0.0735294117647059 75 255 180
0.71875 0.8125 0.061764705882352944 63 255 192
0.71875 0.84375 0.042156862745098056 43 255 212
0.71875 0.875 0.01470588235294118 15 255 240
0.71875 0.90625 -0.016666666666666663 0 238 255
0.71875 0.9375 -0.0519607843137255 0 202 255
0.71875 0.96875 -0.08921568627450979 0 164 255
0.71875 1 -0.12254901960784315 0 130 255
0.75 -1 -0.12450980392156863 0 128 255
0.75 -0.96875 -0.1480392156862745 0 104 255
0.75 -0.9375 -0.16372549019607843 0 88 255
0.75 -0.90625 -0.1715686274509804 0 80 255
0.75 -0.875 -0.1696078431372549 0 82 255
0.75 -0.84375 -0.15784313725490196 0 94 255
0.75 -0.8125 -0.13431372549019607 0 118 255
0.75 -0.78125 -0.10294117647058823 0 150 255
0.75 -0.75 -0.061764705882352944 0 192 255
0.75 -0.71875 -0.016666666666666663 0 238 255
0.75 -0.6875 0.0303921568627451 31 255 224
0.75 -0.65625 0.07745098039215687 79 255 176
0.75 -0.625 0.12254901960784315 125 255 130
0.75 -0.59375 0.15980392156862744 163 255 92
0.75 -0.5625 0.1892156862745098 193 255 62
0.75 -0.53125 0.2068627450980392 211 255 44
0.75 -0.5 0.2127450980392157 217 255 38
0.75 -0.46875 0.2068627450980392 211 255 44
0.75 -0.4375 0.1892156862745098 193 255 62
0.75 -0.40625 0.15980392156862744 163 255 92
0.75 -0.375 0.12254901960784315 125 255 130
0.75 -0.34375 0.07745098039215687 79 255 176
0.75 -0.3125 0.0303921568627451 31 255 224
0.75 -0.28125 -0.016666666666666663 0 238 255
0.75 -0.25 -0.061764705882352944 0 192 255
0.75 -0.21875 -0.10294117647058823 0 150 255
0.75 -0.1875 -0.13431372549019607 0 118 255
0.75 -0.15625 -0.15784313725490196 0 94 255
0.75 -0.125 -0.1696078431372549 0 82 255
0.75 -0.09375 -0.1715686274509804 0 80 255
0.75 -0.0625 -0.16372549019607843 0 88 255
0.75 -0.03125 -0.1480392156862745 0 104 255
0.75 0 -0.12450980392156863 0 128 255
0.75 0.03125 -0.09705882352941175 0 156 255
0.75 0.0625 -0.06568627450980391 0 188 255
0.75 0.09375 -0.03627450980392158 0 218 255
0.75 0.125 -0.006862745098039219 0 248 255
0.75 0.15625 0.018627450980392146 19 255 236
0.75 0.1875 0.038235294117647034 39 255 216
0.75 0.21875 0.053921568627450955 55 255 200
0.75 0.25 0.061764705882352944 63 255 192
0.75 0.28125 0.06568627450980391 67 255 188
0.75 0.3125 0.06568627450980391 67 255 188
0.75 0.34375 0.05980392156862746 61 255 194
0.75 0.375 0.053921568627450955 55 255 200
0.75 0.40625 0.048039215686274506 49 255 206
0.75 0.4375 0.042156862745098056 43 255 212
0.75 0.46875 0.038235294117647034 39 255 216
0.75 0.5 0.03627450980392155 37 255 218
0.75 0.53125 0.038235294117647034 39 255 216
0.75 0.5625 0.042156862745098056 43 255 212
0.75 0.59375 0.048039215686274506 49 255 206
0.75 0.625 0.053921568627450955 55 255 200
0.75 0.65625 0.05980392156862746 61 255 194
0.75 0.6875 0.06568627450980391 67 255 188
0.75 0.71875 0.06568627450980391 67 255 188
0.75 0.75 0.061764705882352944 63 255 192
0.75 0.78125 0.053921568627450955 55 255 200
0.75 0.8125 0.038235294117647034 39 255 216
0.75 0.84375 0.018627450980392146 19 255 236
0.75 0.875 -0.006862745098039219 0 248 255
0.75 0.90625 -0.03627450980392158 0 218 255
0.75 0.9375 -0.06568627450980391 0 188 255
0.75 0.96875 -0.09705882352941175 0 156 255
0.75 1 -0.12450980392156863 0 128 255
0.78125 -1 -0.12254901960784315 0 130 255
0.78125 -0.96875 -0.13823529411764707 0 114 255
0.78125 -0.9375 -0.146078431372549 0 106 255
0.78125 -0.90625 -0.1480392156862745 0 104 255
0.78125 -0.875 -0.14019607843137255 0 112 255
0.78125 -0.84375 -0.1264705882352941 0 126 255
0.78125 -0.8125 -0.10490196078431371 0 148 255
0.78125 -0.78125 -0.07549019607843138 0 178 255
0.78125 -0.75 -0.04215686274509803 0 212 255
0.78125 -0.71875 -0.002941176470588225 0 252 255
0.78125 -0.6875 0.03627450980392155 37 255 218
0.78125 -0.65625 0.0735294117647059 75 255 180
0.78125 -0.625 0.10882352941176471 111 255 144
0.78125 -0.59375 0.14019607843137255 143 255 112
0.78125 -0.5625 0.16176470588235292 165 255 90
0.78125 -0.53125 0.17745098039215684 181 255 74
0.78125 -0.5 0.18137254901960786 185 255 70
0.78125 -0.46875 0.17745098039215684 181 255 74
0.78125 -0.4375 0.16176470588235292 165 255 90
0.78125 -0.40625 0.14019607843137255 143 255 112
0.78125 -0.375 0.10882352941176471 111 255 144
0.78125 -0.34375 0.0735294117647059 75 255 180
0.78125 -0.3125 0.03627450980392155 37 255 218
0.78125 -0.28125 -0.002941176470588225 0 252 255
0.78125 -0.25 -0.04215686274509803 0 212 255
0.78125 -0.21875 -0.07549019607843138 0 178 255
0.78125 -0.1875 -0.10490196078431371 0 148 255
0.78125 -0.15625 -0.1264705882352941 0 126 255
0.78125 -0.125 -0.14019607843137255 0 112 255
0.78125 -0.09375 -0.1480392156862745 0 104 255
0.78125 -0.0625 -0.146078431372549 0 106 255
0.78125 -0.03125 -0.13823529411764707 0 114 255
0.78125 0 -0.12254901960784315 0 130 255
0.78125 0.03125 -0.10294117647058823 0 150 255
0.78125 0.0625 -0.08137254901960783 0 172 255
0.78125 0.09375 -0.055882352941176466 0 198 255
0.78125 0.125 -0.032352941176470584 0 222 255
0.78125 0.15625 -0.008823529411764702 0 246 255
0.78125 0.1875 0.010784313725490213 11 255 244
0.78125 0.21875 0.028431372549019618 29 255 226
0.78125 0.25 0.042156862745098056 43 255 212
0.78125 0.28125 0.05196078431372547 53 255 202
0.78125 0.3125 0.05784313725490198 59 255 196
0.78125 0.34375 0.061764705882352944 63 255 192
0.78125 0.375 0.06372549019607843 65 255 190
0.78125 0.40625 0.06372549019607843 65 255 190
0.78125 0.4375 0.06372549019607843 65 255 190
0.78125 0.46875 0.06372549019607843 65 255 190
0.78125 0.5 0.06372549019607843 65 255 190
0.78125 0.53125 0.06372549019607843 65 255 190
0.78125 0.5625 0.06372549019607843 65 255 190
0.78125 0.59375 0.06372549019607843 65 255 190
0.78125 0.625 0.06372549019607843 65 255 190
0.78125 0.65625 0.061764705882352944 63 255 192
0.78125 0.6875 0.05784313725490198 59 255 196
0.78125 0.71875 0.05196078431372547 53 255 202
0.78125 0.75 0.042156862745098056 43 255 212
0.78125 0.78125 0.028431372549019618 29 255 226
0.78125 0.8125 0.010784313725490213 11 255 244
0.78125 0.84375 -0.008823529411764702 0 246 255
0.78125 0.875 -0.032352941176470584 0 222 255
0.78125 0.90625 -0.055882352941176466 0 198 255
0.78125 0.9375 -0.08137254901960783 0 172 255
0.78125 0.96875 -0.10294117647058823 0 150 255
0.78125 1 -0.12254901960784315 0 130 255
0.8125 -1 -0.11470588235294119 0 138 255
0.8125 -0.96875 -0.12058823529411763 0 132 255
0.8125 -0.9375 -0.12058823529411763 0 132 255
0.8125 -0.90625 -0.11470588235294119 0 138 255
0.8125 -0.875 -0.10490196078431371 0 148 255
0.8125 -0.84375 -0.08921568627450979 0 164 255
0.8125 -0.8125 -0.06764705882352942 0 186 255
0.8125 -0.78125 -0.04411764705882354 0 210 255
0.8125 -0.75 -0.016666666666666663 0 238 255
0.8125 -0.71875 0.010784313725490213 11 255 244
0.8125 -0.6875 0.04019607843137257 41 255 214
0.8125 -0.65625 0.06568627450980391 67 255 188
0.8125 -0.625 0.0911764705882353 93 255 162
0.8125 -0.59375 0.11078431372549019 113 255 142
0.8125 -0.5625 0.1264705882352941 129 255 126
0.8125 -0.53125 0.13627450980392158 139 255 116
0.8125 -0.5 0.14019607843137255 143 255 112
0.8125 -0.46875 0.13627450980392158 139 255 116
0.8125 -0.4375 0.1264705882352941 129 255 126
0.8125 -0.40625 0.11078431372549019 113 255 142
0.8125 -0.375 0.0911764705882353 93 255 162
0.8125 -0.34375 0.06568627450980391 67 255 188
0.8125 -0.3125 0.04019607843137257 41 255 214
0.8125 -0.28125 0.010784313725490213 11 255 244
0.8125 -0.25 -0.016666666666666663 0 238 255
0.8125 -0.21875 -0.04411764705882354 0 210 255
0.8125 -0.1875 -0.06764705882352942 0 186 255
0.8125 -0.15625 -0.08921568627450979 0 164 255
0.8125 -0.125 -0.10490196078431371 0 148 255
0.8125 -0.09375 -0.11470588235294119 0 138 255
0.8125 -0.0625 -0.12058823529411763 0 132 255
0.8125 -0.03125 -0.12058823529411763 0 132 255
0.8125 0 -0.11470588235294119 0 138 255
0.8125 0.03125 -0.10686274509803922 0 146 255
0.8125 0.0625 -0.09313725490196079 0 160 255
0.8125 0.09375 -0.07745098039215687 0 176 255
0.8125 0.125 -0.05980392156862746 0 194 255
0.8125 0.15625 -0.040196078431372545 0 214 255
0.8125 0.1875 -0.020588235294117657 0 234 255
0.8125 0.21875 -0.0009803921568627416 0 254 255
0.8125 0.25 0.016666666666666663 17 255 238
0.8125 0.28125 0.03431372549019607 35 255 220
0.8125 0.3125 0.048039215686274506 49 255 206
0.8125 0.34375 0.061764705882352944 63 255 192
0.8125 0.375 0.07156862745098042 73 255 182
0.8125 0.40625 0.08137254901960783 83 255 172
0.8125 0.4375 0.08725490196078434 89 255 166
0.8125 0.46875 0.08921568627450982 91 255 164
0.8125 0.5 0.0911764705882353 93 255 162
0.8125 0.53125 0.08921568627450982 91 255 164
0.8125 0.5625 0.08725490196078434 89 255 166
0.8125 0.59375 0.08137254901960783 83 255 172
0.8125 0.625 0.07156862745098042 73 255 182
0.8125 0.65625 0.061764705882352944 63 255 192
0.8125 0.6875 0.048039215686274506 49 255 206
0.8125 0.71875 0.03431372549019607 35 255 220
0.8125 0.75 0.016666666666666663 17 255 238
0.8125 0.78125 -0.0009803921568627416 0 254 255
0.8125 0.8125 -0.020588235294117657 0 234 255
0.8125 0.84375 -0.040196078431372545 0 214 255
0.8125 0.875 -0.05980392156862746 0 194 255
0.8125 0.90625 -0.07745098039215687 0 176 255
0.8125 0.9375 -0.09313725490196079 0 160 255
0.8125 0.96875 -0.10686274509803922 0 146 255
0.8125 1 -0.11470588235294119 0 138 255
0.84375 -1 -0.10490196078431371 0 148 255
0.84375 -0.96875 -0.09901960784313726 0 154 255
0.84375 -0.9375 -0.08921568627450979 0 164 255
0.84375 -0.90625 -0.07745098039215687 0 176 255
0.84375 -0.875 -0.061764705882352944 0 192 255
0.84375 -0.84375 -0.04607843137254902 0 208 255
0.84375 -0.8125 -0.028431372549019618 0 226 255
0.84375 -0.78125 -0.008823529411764702 0 246 255
0.84375 -0.75 0.00882352941176473 9 255 246
0.84375 -0.71875 0.026470588235294135 27 255 228
0.84375 -0.6875 0.042156862745098056 43 255 212
0.84375 -0.65625 0.055882352941176494 57 255 198
0.84375 -0.625 0.06960784313725488 71 255 184
0.84375 -0.59375 0.07941176470588235 81 255 174
0.84375 -0.5625 0.0852941176470588 87 255 168
0.84375 -0.53125 0.0911764705882353 93 255 162
0.84375 -0.5 0.0911764705882353 93 255 162
0.84375 -0.46875 0.0911764705882353 93 255 162
0.84375 -0.4375 0.0852941176470588 87 255 168
0.84375 -0.40625 0.07941176470588235 81 255 174
0.84375 -0.375 0.06960784313725488 71 255 184
0.84375 -0.34375 0.055882352941176494 57 255 198
0.84375 -0.3125 0.042156862745098056 43 255 212
0.84375 -0.28125 0.026470588235294135 27 255 228
0.84375 -0.25 0.00882352941176473 9 255 246
0.84375 -0.21875 -0.008823529411764702 0 246 255
0.84375 -0.1875 -0.028431372549019618 0 226 255
0.84375 -0.15625 -0.04607843137254902 0 208 255
0.84375 -0.125 -0.061764705882352944 0 192 255
0.84375 -0.09375 -0.07745098039215687 0 176 255
0.84375 -0.0625 -0.08921568627450979 0 164 255
0.84375 -0.03125 -0.09901960784313726 0 154 255
0.84375 0 -0.10490196078431371 0 148 255
0.84375 0.03125 -0.10490196078431371 0 148 255
0.84375 0.0625 -0.10294117647058823 0 150 255
0.84375 0.09375 -0.09509803921568627 0 158 255
0.84375 0.125 -0.08529411764705883 0 168 255
0.84375 0.15625 -0.0696078431372549 0 184 255
0.84375 0.1875 -0.0519607843137255 0 202 255
0.84375 0.21875 -0.0303921568627451 0 224 255
0.84375 0.25 -0.008823529411764702 0 246 255
0.84375 0.28125 0.01470588235294118 15 255 240
0.84375 0.3125 0.038235294117647034 39 255 216
0.84375 0.34375 0.05980392156862746 61 255 194
0.84375 0.375 0.07745098039215687 79 255 176
0.84375 0.40625 0.09509803921568627 97 255 158
0.84375 0.4375 0.10686274509803922 109 255 146
0.84375 0.46875 0.11274509803921567 115 255 140
0.84375 0.5 0.11666666666666664 119 255 136
0.84375 0.53125 0.11274509803921567 115 255 140
0.84375 0.5625 0.10686274509803922 109 255 146
0.84375 0.59375 0.09509803921568627 97 255 158
0.84375 0.625 0.07745098039215687 79 255 176
0.84375 0.65625 0.05980392156862746 61 255 194
0.84375 0.6875 0.038235294117647034 39 255 216
0.84375 0.71875 0.01470588235294118 15 255 240
0.84375 0.75 -0.008823529411764702 0 246 255
0.84375 0.78125 -0.0303921568627451 0 224 255
0.84375 0.8125 -0.0519607843137255 0 202 255
0.84375 0.84375 -0.0696078431372549 0 184 255
0.84375 0.875 -0.08529411764705883 0 168 255
0.84375 0.90625 -0.09509803921568627 0 158 255
0.84375 0.9375 -0.10294117647058823 0 150 255
0.84375 0.96875 -0.10490196078431371 0 148 255
0.84375 1 -0.10490196078431371 0 148 255
0.875 -1 -0.08921568627450979 0 164 255
0.875 -0.96875 -0.07352941176470587 0 180 255
0.875 -0.9375 -0.055882352941176466 0 198 255
0.875 -0.90625 -0.03627450980392158 0 218 255
0.875 -0.875 -0.018627450980392146 0 236 255
0.875 -0.84375 -0.0009803921568627416 0 254 255
0.875 -0.8125 0.012745098039215697 13 255 242
0.875 -0.78125 0.02450980392156865 25 255 230
0.875 -0.75 0.03431372549019607 35 255 220
0.875 -0.71875 0.04019607843137257 41 255 214
0.875 -0.6875 0.04411764705882354 45 255 210
0.875 -0.65625 0.04411764705882354 45 255 210
0.875 -0.625 0.04411764705882354 45 255 210
0.875 -0.59375 0.04411764705882354 45 255 210
0.875 -0.5625 0.042156862745098056 43 255 212
0.875 -0.53125 0.04019607843137257 41 255 214
0.875 -0.5 0.04019607843137257 41 255 214
0.875 -0.46875 0.04019607843137257 41 255 214
0.875 -0.4375 0.042156862745098056 43 255 212
0.875 -0.40625 0.04411764705882354 45 255 210
0.875 -0.375 0.04411764705882354 45 255 210
0.875 -0.34375 0.04411764705882354 45 255 210
0.875 -0.3125 0.04411764705882354 45 255 210
0.875 -0.28125 0.04019607843137257 41 255 214
0.875 -0.25 0.03431372549019607 35 255 220
0.875 -0.21875 0.02450980392156865 25 255 230
0.875 -0.1875 0.012745098039215697 13 255 242
0.875 -0.15625 -0.0009803921568627416 0 254 255
0.875 -0.125 -0.018627450980392146 0 236 255
0.875 -0.09375 -0.03627450980392158 0 218 255
0.875 -0.0625 -0.055882352941176466 0 198 255
0.875 -0.03125 -0.07352941176470587 0 180 255
0.875 0 -0.08921568627450979 0 164 255
0.875 0.03125 -0.10098039215686275 0 152 255
0.875 0.0625 -0.10882352941176471 0 144 255
0.875 0.09375 -0.11078431372549019 0 142 255
0.875 0.125 -0.10686274509803922 0 146 255
0.875 0.15625 -0.09705882352941175 0 156 255
0.875 0.1875 -0.08137254901960783 0 172 255
0.875 0.21875 -0.05980392156862746 0 194 255
0.875 0.25 -0.03431372549019607 0 220 255
0.875 0.28125 -0.004901960784313736 0 250 255
0.875 0.3125 0.02450980392156865 25 255 230
0.875 0.34375 0.053921568627450955 55 255 200
0.875 0.375 0.08137254901960783 83 255 172
0.875 0.40625 0.10294117647058826 105 255 150
0.875 0.4375 0.12058823529411766 123 255 132
0.875 0.46875 0.13235294117647056 135 255 120
0.875 0.5 0.13627450980392158 139 255 116
0.875 0.53125 0.13235294117647056 135 255 120
0.875 0.5625 0.12058823529411766 123 255 132
0.875 0.59375 0.10294117647058826 105 255 150
0.875 0.625 0.08137254901960783 83 255 172
0.875 0.65625 0.053921568627450955 55 255 200
0.875 0.6875 0.02450980392156865 25 255 230
0.875 0.71875 -0.004901960784313736 0 250 255
0.875 0.75 -0.03431372549019607 0 220 255
0.875 0.78125 -0.05980392156862746 0 194 255
0.875 0.8125 -0.08137254901960783 0 172 255
0.875 0.84375 -0.09705882352941175 0 156 255
0.875 0.875 -0.10686274509803922 0 146 255
0.875 0.90625 -0.11078431372549019 0 142 255
0.875 0.9375 -0.10882352941176471 0 144 255
0.875 0.96875 -0.10098039215686275 0 152 255
0.875 1 -0.08921568627450979 0 164 255
0.90625 -1 -0.0696078431372549 0 184 255
0.90625 -0.96875 -0.04411764705882354 0 210 255
0.90625 -0.9375 -0.020588235294117657 0 234 255
0.90625 -0.90625 0.002941176470588225 3 255 252
0.90625 -0.875 0.02450980392156865 25 255 230
0.90625 -0.84375 0.04019607843137257 41 255 214
0.90625 -0.8125 0.05196078431372547 53 255 202
0.90625 -0.78125 0.055882352941176494 57 255 198
0.90625 -0.75 0.055882352941176494 57 255 198
0.90625 -0.71875 0.04999999999999999 51 255 204
0.90625 -0.6875 0.042156862745098056 43 255 212
0.90625 -0.65625 0.0303921568627451 31 255 224
0.90625 -0.625 0.018627450980392146 19 255 236
0.90625 -0.59375 0.006862745098039191 7 255 248
0.90625 -0.5625 -0.0009803921568627416 0 254 255
0.90625 -0.53125 -0.006862745098039219 0 248 255
0.90625 -0.5 -0.010784313725490186 0 244 255
0.90625 -0.46875 -0.006862745098039219 0 248 255
0.90625 -0.4375 -0.0009803921568627416 0 254 255
0.90625 -0.40625 0.006862745098039191 7 255 248
0.90625 -0.375 0.018627450980392146 19 255 236
0.90625 -0.34375 0.0303921568627451 31 255 224
0.90625 -0.3125 0.042156862745098056 43 255 212
0.90625 -0.28125 0.04999999999999999 51 255 204
0.90625 -0.25 0.055882352941176494 57 255 198
0.90625 -0.21875 0.055882352941176494 57 255 198
0.90625 -0.1875 0.05196078431372547 53 255 202
0.90625 -0.15625 0.04019607843137257 41 255 214
0.90625 -0.125 0.02450980392156865 25 255 230
0.90625 -0.09375 0.002941176470588225 3 255 252
0.90625 -0.0625 -0.020588235294117657 0 234 255
0.90625 -0.03125 -0.04411764705882354 0 210 255
0.90625 0 -0.0696078431372549 0 184 255
0.90625 0.03125 -0.0911764705882353 0 162 255
0.90625 0.0625 -0.10882352941176471 0 144 255
0.90625 0.09375 -0.11862745098039215 0 134 255
0.90625 0.125 -0.12254901960784315 0 130 255
0.90625 0.15625 -0.11666666666666667 0 136 255
0.90625 0.1875 -0.10490196078431371 0 148 255
0.90625 0.21875 -0.08333333333333334 0 170 255
0.90625 0.25 -0.055882352941176466 0 198 255
0.90625 0.28125 -0.024509803921568624 0 230 255
0.90625 0.3125 0.010784313725490213 11 255 244
0.90625 0.34375 0.04607843137254902 47 255 208
0.90625 0.375 0.07941176470588235 81 255 174
0.90625 0.40625 0.10882352941176471 111 255 144
0.90625 0.4375 0.13039215686274508 133 255 122
0.90625 0.46875 0.14411764705882352 147 255 108
0.90625 0.5 0.14803921568627448 151 255 104
0.90625 0.53125 0.14411764705882352 147 255 108
0.90625 0.5625 0.13039215686274508 133 255 122
0.90625 0.59375 0.10882352941176471 111 255 144
0.90625 0.625 0.07941176470588235 81 255 174
0.90625 0.65625 0.04607843137254902 47 255 208
0.90625 0.6875 0.010784313725490213 11 255 244
0.90625 0.71875 -0.024509803921568624 0 230 255
0.90625 0.75 -0.055882352941176466 0 198 255
0.90625 0.78125 -0.08333333333333334 0 170 255
0.90625 0.8125 -0.10490196078431371 0 148 255
0.90625 0.84375 -0.11666666666666667 0 136 255
0.90625 0.875 -0.12254901960784315 0 130 255
0.90625 0.90625 -0.11862745098039215 0 134 255
0.90625 0.9375 -0.10882352941176471 0 144 255
0.90625 0.96875 -0.0911764705882353 0 162 255
0.90625 1 -0.0696078431372549 0 184 255
0.9375 -1 -0.048039215686274506 0 206 255
0.9375 -0.96875 -0.016666666666666663 0 238 255
0.9375 -0.9375 0.012745098039215697 13 255 242
0.9375 -0.90625 0.04019607843137257 41 255 214
0.9375 -0.875 0.061764705882352944 63 255 192
0.9375 -0.84375 0.07745098039215687 79 255 176
0.9375 -0.8125 0.08333333333333331 85 255 170
0.9375 -0.78125 0.08137254901960783 83 255 172
0.9375 -0.75 0.0735294117647059 75 255 180
0.9375 -0.71875 0.05784313725490198 59 255 196
0.9375 -0.6875 0.038235294117647034 39 255 216
0.9375 -0.65625 0.016666666666666663 17 255 238
0.9375 -0.625 -0.006862745098039219 0 248 255
0.9375 -0.59375 -0.026470588235294107 0 228 255
0.9375 -0.5625 -0.04215686274509803 0 212 255
0.9375 -0.53125 -0.0519607843137255 0 202 255
0.9375 -0.5 -0.055882352941176466 0 198 255
0.9375 -0.46875 -0.0519607843137255 0 202 255
0.9375 -0.4375 -0.04215686274509803 0 212 255
0.9375 -0.40625 -0.026470588235294107 0 228 255
0.9375 -0.375 -0.006862745098039219 0 248 255
0.9375 -0.34375 0.016666666666666663 17 255 238
0.9375 -0.3125 0.038235294117647034 39 255 216
0.9375 -0.28125 0.05784313725490198 59 255 196
0.9375 -0.25 0.0735294117647059 75 255 180
0.9375 -0.21875 0.08137254901960783 83 255 172
0.9375 -0.1875 0.08333333333333331 85 255 170
0.9375 -0.15625 0.07745098039215687 79 255 176
0.9375 -0.125 0.061764705882352944 63 255 192
0.9375 -0.09375 0.04019607843137257 41 255 214
0.9375 -0.0625 0.012745098039215697 13 255 242
0.9375 -0.03125 -0.016666666666666663 0 238 255
0.9375 0 -0.048039215686274506 0 206 255
0.9375 0.03125 -0.07745098039215687 0 176 255
0.9375 0.0625 -0.10098039215686275 0 152 255
0.9375 0.09375 -0.12058823529411763 0 132 255
0.9375 0.125 -0.13039215686274508 0 122 255
0.9375 0.15625 -0.13039215686274508 0 122 255
0.9375 0.1875 -0.12058823529411763 0 132 255
0.9375 0.21875 -0.10098039215686275 0 152 255
0.9375 0.25 -0.07352941176470587 0 180 255
0.9375 0.28125 -0.040196078431372545 0 214 255
0.9375 0.3125 -0.002941176470588225 0 252 255
0.9375 0.34375 0.03627450980392155 37 255 218
0.9375 0.375 0.0735294117647059 75 255 180
0.9375 0.40625 0.10490196078431374 107 255 148
0.9375 0.4375 0.13039215686274508 133 255 122
0.9375 0.46875 0.146078431372549 149 255 106
0.9375 0.5 0.1519607843137255 155 255 100
0.9375 0.53125 0.146078431372549 149 255 106
0.9375 0.5625 0.13039215686274508 133 255 122
0.9375 0.59375 0.10490196078431374 107 255 148
0.9375 0.625 0.0735294117647059 75 255 180
0.9375 0.65625 0.03627450980392155 37 255 218
0.9375 0.6875 -0.002941176470588225 0 252 255
0.9375 0.71875 -0.040196078431372545 0 214 255
0.9375 0.75 -0.07352941176470587 0 180 255
0.9375 0.78125 -0.10098039215686275 0 152 255
0.9375 0.8125 -0.12058823529411763 0 132 255
0.9375 0.84375 -0.13039215686274508 0 122 255
0.9375 0.875 -0.13039215686274508 0 122 255
0.9375 0.90625 -0.12058823529411763 0 132 255
0.9375 0.9375 -0.10098039215686275 0 152 255
0.9375 0.96875 -0.07745098039215687 0 176 255
0.9375 1 -0.048039215686274506 0 206 255
0.96875 -1 -0.024509803921568624 0 230 255
0.96875 -0.96875 0.010784313725490213 11 255 244
0.96875 -0.9375 0.04411764705882354 45 255 210
0.96875 -0.90625 0.07156862745098042 73 255 182
0.96875 -0.875 0.09313725490196079 95 255 160
0.96875 -0.84375 0.10490196078431374 107 255 148
0.96875 -0.8125 0.10882352941176471 111 255 144
0.96875 -0.78125 0.10098039215686272 103 255 152
0.96875 -0.75 0.0852941176470588 87 255 168
0.96875 -0.71875 0.061764705882352944 63 255 192
0.96875 -0.6875 0.032352941176470584 33 255 222
0.96875 -0.65625 0.0009803921568627416 1 255 254
0.96875 -0.625 -0.028431372549019618 0 226 255
0.96875 -0.59375 -0.055882352941176466 0 198 255
0.96875 -0.5625 -0.07745098039215687 0 176 255
0.96875 -0.53125 -0.0911764705882353 0 162 255
0.96875 -0.5 -0.09509803921568627 0 158 255
0.96875 -0.46875 -0.0911764705882353 0 162 255
0.96875 -0.4375 -0.07745098039215687 0 176 255
0.96875 -0.40625 -0.055882352941176466 0 198 255
0.96875 -0.375 -0.028431372549019618 0 226 255
0.96875 -0.34375 0.0009803921568627416 1 255 254
0.96875 -0.3125 0.032352941176470584 33 255 222
0.96875 -0.28125 0.061764705882352944 63 255 192
0.96875 -0.25 0.0852941176470588 87 255 168
0.96875 -0.21875 0.10098039215686272 103 255 152
0.96875 -0.1875 0.10882352941176471 111 255 144
0.96875 -0.15625 0.10490196078431374 107 255 148
0.96875 -0.125 0.09313725490196079 95 255 160
0.96875 -0.09375 0.07156862745098042 73 255 182
0.96875 -0.0625 0.04411764705882354 45 255 210
0.96875 -0.03125 0.010784313725490213 11 255 244
0.96875 0 -0.024509803921568624 0 230 255
0.96875 0.03125 -0.05784313725490195 0 196 255
0.96875 0.0625 -0.08921568627450979 0 164 255
0.96875 0.09375 -0.11274509803921567 0 140 255
0.96875 0.125 -0.1284313725490196 0 124 255
0.96875 0.15625 -0.1323529411764706 0 120 255
0.96875 0.1875 -0.1264705882352941 0 126 255
0.96875 0.21875 -0.11078431372549019 0 142 255
0.96875 0.25 -0.08529411764705883 0 168 255
0.96875 0.28125 -0.0519607843137255 0 202 255
0.96875 0.3125 -0.01470588235294118 0 240 255
0.96875 0.34375 0.02450980392156865 25 255 230
0.96875 0.375 0.06372549019607843 65 255 190
0.96875 0.40625 0.09705882352941175 99 255 156
0.96875 0.4375 0.12254901960784315 125 255 130
0.96875 0.46875 0.13823529411764707 141 255 114
0.96875 0.5 0.14411764705882352 147 255 108
0.96875 0.53125 0.13823529411764707 141 255 114
0.96875 0.5625 0.12254901960784315 125 255 130
0.96875 0.59375 0.09705882352941175 99 255 156
0.96875 0.625 0.06372549019607843 65 255 190
0.96875 0.65625 0.02450980392156865 25 255 230
0.96875 0.6875 -0.01470588235294118 0 240 255
0.96875 0.71875 -0.0519607843137255 0 202 255
0.96875 0.75 -0.08529411764705883 0 168 255
0.96875 0.78125 -0.11078431372549019 0 142 255
0.96875 0.8125 -0.1264705882352941 0 126 255
0.96875 0.84375 -0.1323529411764706 0 120 255
0.96875 0.875 -0.1284313725490196 0 124 255
0.96875 0.90625 -0.11274509803921567 0 140 255
0.96875 0.9375 -0.08921568627450979 0 164 255
0.96875 0.96875 -0.05784313725490195 0 196 255
0.96875 1 -0.024509803921568624 0 230 255
1 -1 -0.0009803921568627416 0 254 255
1 -0.96875 0.03627450980392155 37 255 218
1 -0.9375 0.06960784313725488 71 255 184
1 -0.90625 0.09705882352941175 99 255 156
1 -0.875 0.11470588235294116 117 255 138
1 -0.84375 0.12450980392156863 127 255 128
1 -0.8125 0.12254901960784315 125 255 130
1 -0.78125 0.11078431372549019 113 255 142
1 -0.75 0.08921568627450982 91 255 164
1 -0.71875 0.05980392156862746 61 255 194
1 -0.6875 0.02450980392156865 25 255 230
1 -0.65625 -0.012745098039215697 0 242 255
1 -0.625 -0.048039215686274506 0 206 255
1 -0.59375 -0.07941176470588235 0 174 255
1 -0.5625 -0.10490196078431371 0 148 255
1 -0.53125 -0.12058823529411763 0 132 255
1 -0.5 -0.12450980392156863 0 128 255
1 -0.46875 -0.12058823529411763 0 132 255
1 -0.4375 -0.10490196078431371 0 148 255
1 -0.40625 -0.07941176470588235 0 174 255
1 -0.375 -0.048039215686274506 0 206 255
1 -0.34375 -0.012745098039215697 0 242 255
1 -0.3125 0.02450980392156865 25 255 230
1 -0.28125 0.05980392156862746 61 255 194
1 -0.25 0.08921568627450982 91 255 164
1 -0.21875 0.11078431372549019 113 255 142
1 -0.1875 0.12254901960784315 125 255 130
1 -0.15625 0.12450980392156863 127 255 128
1 -0.125 0.11470588235294116 117 255 138
1 -0.09375 0.09705882352941175 99 255 156
1 -0.0625 0.06960784313725488 71 255 184
1 -0.03125 0.03627450980392155 37 255 218
1 0 0.0009803921568627416 1 255 254
1 0.03125 -0.03627450980392158 0 218 255
1 0.0625 -0.0696078431372549 0 184 255
1 0.09375 -0.09705882352941175 0 156 255
1 0.125 -0.11470588235294119 0 138 255
1 0.15625 -0.12450980392156863 0 128 255
1 0.1875 -0.12254901960784315 0 130 255
1 0.21875 -0.11078431372549019 0 142 255
1 0.25 -0.08921568627450979 0 164 255
1 0.28125 -0.05980392156862746 0 194 255
1 0.3125 -0.024509803921568624 0 230 255
1 0.34375 0.012745098039215697 13 255 242
1 0.375 0.048039215686274506 49 255 206
1 0.40625 0.07941176470588235 81 255 174
1 0.4375 0.10490196078431374 107 255 148
1 0.46875 0.12058823529411766 123 255 132
1 0.5 0.12450980392156863 127 255 128
1 0.53125 0.12058823529411766 123 255 132
1 0.5625 0.10490196078431374 107 255 148
1 0.59375 0.07941176470588235 81 255 174
1 0.625 0.048039215686274506 49 255 206
1 0.65625 0.012745098039215697 13 255 242
1 0.6875 -0.024509803921568624 0 230 255
1 0.71875 -0.05980392156862746 0 194 255
1 0.75 -0.08921568627450979 0 164 255
1 0.78125 -0.11078431372549019 0 142 255
1 0.8125 -0.12254901960784315 0 130 255
1 0.84375 -0.12450980392156863 0 128 255
1 0.875 -0.11470588235294119 0 138 255
1 0.90625 -0.09705882352941175 0 156 255
1 0.9375 -0.0696078431372549 0 184 255
1 0.96875 -0.03627450980392158 0 218 255
1 1 -0.0009803921568627416 0 254 255
